name,score,brewer,abv,link,note
Pseudo Sue,100.0,Toppling Goliath Brewing Company,5.8,https://www.beeradvocate.com/beer/profile/23222/72170/,"multiple results, guessed best match"
Rochefort 10,100.0,Brasserie De Rochefort,11.3,https://www.beeradvocate.com/beer/profile/207/645/,"multiple results, guessed best match"
Breakfast Brew,100.0,Canned Heat Craft Beer Company,8.3,https://www.beeradvocate.com/beer/profile/1199/11757/,"multiple results, guessed best match"
Sam Utopias,100.0,Boston Beer Company,28.0,https://www.beeradvocate.com/beer/profile/35/25759/,"multiple results, guessed best match"
Abt 12,99.0,Brouwerij St Bernardus,10.0,https://www.beeradvocate.com/beer/profile/259/1708/,"multiple results, guessed best match"
Second Fiddle,99.0,Fiddlehead Brewing Company,8.2,https://www.beeradvocate.com/beer/profile/27919/127652/,"multiple results, guessed best match"
Hefeweissbier,98.0,Brauerei Weihenstephan,5.4,https://www.beeradvocate.com/beer/profile/252/731/,"multiple results, guessed best match"
Softly Spoken Magic Spells,98.0,Singlecut Beersmiths,8.6,http://www.beeradvocate.com/search/?q=Softly+Spoken+Magic+Spells&qt=beer,
Caractere Rouge,98.0,Brouwerij Rodenbach,7.0,http://www.beeradvocate.com/search/?q=Caractere+Rouge&qt=beer,
Peche Mortel,98.0,Brasserie Dieu Du Ciel,9.5,https://www.beeradvocate.com/beer/profile/1141/10325/,"multiple results, guessed best match"
Crunch,98.0,Shovel Town Brewery,13.6,https://www.beeradvocate.com/beer/profile/33824/290407/,"multiple results, guessed best match"
Xocoveza,97.0,Stone Brewing Company,8.1,https://www.beeradvocate.com/beer/profile/147/128500/,"multiple results, guessed best match"
Boss Tweed,97.0,Old Nation Brewing Company,9.3,https://www.beeradvocate.com/beer/profile/41783/280767/,"multiple results, guessed best match"
Farm To Face,97.0,Allagash Brewing Company,5.7,https://www.beeradvocate.com/beer/profile/4/132991/,"multiple results, guessed best match"
Imperial Stout,97.0,Samuel Smith Old Brewery,10.5,https://www.beeradvocate.com/beer/profile/1199/21822/,"multiple results, guessed best match"
La Fin Du Monde,97.0,Unibroue,9.0,https://www.beeradvocate.com/beer/profile/22/34/,"multiple results, guessed best match"
Rodenbach Alexander,97.0,Brouwerij Rodenbach,5.6,http://www.beeradvocate.com/search/?q=Rodenbach+Alexander&qt=beer,
Rochefort 8,97.0,Brasserie De Rochefort,9.2,https://www.beeradvocate.com/beer/profile/207/1696/,"multiple results, guessed best match"
Celebrator,97.0,Brauerei Ayinger,6.7,https://www.beeradvocate.com/beer/profile/39/131/,"multiple results, guessed best match"
Pick Your Own,96.0,Allagash Brewing Company,6.4,http://www.beeradvocate.com/search/?q=Pick+Your+Own&qt=beer,
Scorpius Morchella,96.0,Toppling Goliath Brewing Company,7.8,http://www.beeradvocate.com/search/?q=Scorpius+Morchella&qt=beer,
Coolship Resurgam,96.0,Allagash Brewing Company,6.3,http://www.beeradvocate.com/search/?q=Coolship+Resurgam&qt=beer,
Kiwi Rising,96.0,Jack\'s Abby Craft Lagers,8.5,https://www.beeradvocate.com/beer/profile/26520/75414/,"multiple results, guessed best match"
Founders Porter,96.0,Founders Brewing Company,8.7,https://www.beeradvocate.com/beer/profile/1199/92648/,"multiple results, guessed best match"
Cuvee Des Jacobins,96.0,Brouwerij Bockor,5.5,https://www.beeradvocate.com/beer/profile/223/50772/,"multiple results, guessed best match"
Daisy Cutter,96.0,Half Acre Beer Company,8.0,https://www.beeradvocate.com/beer/profile/18006/72269/,"multiple results, guessed best match"
Fantome Saison,96.0,Brasserie Fantome,8.0,https://www.beeradvocate.com/beer/profile/738/5057/,"multiple results, guessed best match"
Old Rasputin,96.0,North Coast Brewing Company,9.0,https://www.beeradvocate.com/beer/profile/112/412/,"multiple results, guessed best match"
Grapefruit Sculpin,96.0,Ballast Point Brewing Company,7.0,http://www.beeradvocate.com/search/?q=Grapefruit+Sculpin&qt=beer,
Magnus,96.0,Foundation Brewing Company,13.5,https://www.beeradvocate.com/beer/profile/42273/262918/,"multiple results, guessed best match"
Chimay Blue,96.0,Chimay Brewery,9.0,http://www.beeradvocate.com/search/?q=Chimay+Blue&qt=beer,
Chimay Grande Reserve,96.0,Chimay Brewery,9.0,https://www.beeradvocate.com/beer/profile/215/2512/,"multiple results, guessed best match"
Curieux,96.0,Allagash Brewing Company,11.0,https://www.beeradvocate.com/beer/profile/4/16909/,"multiple results, guessed best match"
Duvel,95.0,Duvel Moortgat,8.5,https://www.beeradvocate.com/beer/profile/222/695/,"multiple results, guessed best match"
Nancy,95.0,Allagash Brewing Company,6.3,https://www.beeradvocate.com/beer/profile/4/121053/,"multiple results, guessed best match"
Vitus,95.0,Brauerei Weihenstephan,7.7,https://www.beeradvocate.com/beer/profile/252/35625/,"multiple results, guessed best match"
Trois Pistoles,95.0,Unibroue,9.0,https://www.beeradvocate.com/beer/profile/22/30/,"multiple results, guessed best match"
Dragon Fandango,95.0,Toppling Goliath Brewing Company,5.0,https://www.beeradvocate.com/beer/profile/23222/297086/,"multiple results, guessed best match"
Vitus,95.0,Brauerei Weihenstephaner,7.7,https://www.beeradvocate.com/beer/profile/252/35625/,"multiple results, guessed best match"
Lizard King,95.0,Pipeworks Brewing Company,6.0,https://www.beeradvocate.com/beer/profile/28178/155168/,"multiple results, guessed best match"
Jai Alai,95.0,Cigar City Brewing Company,7.5,https://www.beeradvocate.com/beer/profile/17981/46363/,"multiple results, guessed best match"
90 Minute Ipa,95.0,Dogfish Head Craft Brewery,9.0,https://www.beeradvocate.com/beer/profile/64/2093/,"multiple results, guessed best match"
Tart Of Darkness,95.0,Bruery Terreux,7.2,https://www.beeradvocate.com/beer/profile/40927/70286/,"multiple results, guessed best match"
La Trappe Quadrupel,95.0,Brouwerij De Koningshoeven,11.0,https://www.beeradvocate.com/beer/profile/184/53946/,"multiple results, guessed best match"
Andechser Doppelbock Dunkel,95.0,Andechs,7.1,http://www.beeradvocate.com/search/?q=Andechser+Doppelbock+Dunkel&qt=beer,
Aventinus Eisbock,95.0,Schneider & Sohn,12.0,https://www.beeradvocate.com/beer/profile/72/1934/,"multiple results, guessed best match"
Ninja Vs Unicorn,95.0,Pipeworks Brewing Company,8.0,https://www.beeradvocate.com/beer/profile/28178/77708/,"multiple results, guessed best match"
Hefeweissbier Dunkel,95.0,Brauerei Weihenstephan,5.3,https://www.beeradvocate.com/beer/profile/252/808/,"multiple results, guessed best match"
Derivative: Galaxy,95.0,Proclamation Ale Company,6.0,http://www.beeradvocate.com/search/?q=Derivative:+Galaxy&qt=beer,
Tripel Karmeliet,95.0,Brouwerij Bosteels,8.4,http://www.beeradvocate.com/search/?q=Tripel+Karmeliet&qt=beer,
Two Hearted Ale,95.0,Bell\'s Brewery,7.0,https://www.beeradvocate.com/beer/profile/287/1093/,"multiple results, guessed best match"
Two Hearted,95.0,Bell\'s Brewery,7.0,https://www.beeradvocate.com/beer/profile/287/1093/,"multiple results, guessed best match"
Heavy Boots Of Lead,95.0,Singlecut Beersmiths,11.2,https://www.beeradvocate.com/beer/profile/30452/176075/,"multiple results, guessed best match"
Cerise Cassee,94.0,Cambridge Brewing Company,9.0,http://www.beeradvocate.com/search/?q=Cerise+Cassee&qt=beer,
Saison Dupont,94.0,Brasserie Dupont,6.5,https://www.beeradvocate.com/beer/profile/637/1717/,"multiple results, guessed best match"
Union Jack,94.0,Firestone Walker Brewing Company,7.0,https://www.beeradvocate.com/beer/profile/2210/38180/,"multiple results, guessed best match"
Aun Mas Chili Jesus,94.0,Evil Twin Brewing,12.0,http://www.beeradvocate.com/search/?q=Aun+Mas+Chili+Jesus&qt=beer,
Petite Sour Blueberry,94.0,Crooked Stave Artisan Beer Project,4.5,https://www.beeradvocate.com/beer/profile/25191/126891/,"multiple results, guessed best match"
Achel Extra,94.0,Brouwerij Achelse,9.5,https://www.beeradvocate.com/beer/profile/922/40681/,"multiple results, guessed best match"
Duchesse De Bourgogne,94.0,Brouwerij Verhaeghe,6.2,http://www.beeradvocate.com/search/?q=Duchesse+De+Bourgogne&qt=beer,
Oatmeal Stout,94.0,The People\'s Pint,5.0,https://www.beeradvocate.com/beer/profile/113/571/,"multiple results, guessed best match"
Double Ipa,94.0,The People\'s Pint,8.5,https://www.beeradvocate.com/beer/profile/396/7284/,"multiple results, guessed best match"
Maudite,94.0,Unibroue,8.0,http://www.beeradvocate.com/search/?q=Maudite&qt=beer,
Orval Trappist Ale,94.0,Brasserie D\'orval,6.9,http://www.beeradvocate.com/search/?q=Orval+Trappist+Ale&qt=beer,
Juice Bomb,94.0,Sloop Brewing Company,6.5,https://www.beeradvocate.com/beer/profile/30081/217327/,"multiple results, guessed best match"
Vanilla Noir,94.0,Prairie Artisan Ales,13.7,https://www.beeradvocate.com/beer/profile/30356/107834/,"multiple results, guessed best match"
Hoponius Union,94.0,Jack\'s Abby Craft Lagers,6.5,https://www.beeradvocate.com/beer/profile/26520/71820/,"multiple results, guessed best match"
Excess Ipl,94.0,Jack\'s Abby Craft Lagers,7.2,https://www.beeradvocate.com/beer/profile/26520/168450/,"multiple results, guessed best match"
Oatmeal Stout,94.0,Ipswich Ale Brewery,5.0,https://www.beeradvocate.com/beer/profile/113/571/,"multiple results, guessed best match"
Vt Ipa,94.0,Long Trail Brewing Company,6.9,https://www.beeradvocate.com/beer/profile/147/88/,"multiple results, guessed best match"
Oude Gueuze Tilquin,94.0,Gueuzerie Tilquin,7.6,https://www.beeradvocate.com/beer/profile/25923/140278/,"multiple results, guessed best match"
Wandering Thoughts,94.0,Exhibit \'a\' Brewing Company,7.7,http://www.beeradvocate.com/search/?q=Wandering+Thoughts&qt=beer,
Korbinian,94.0,Brauerei Weihenstephan,7.4,https://www.beeradvocate.com/beer/profile/252/779/,"multiple results, guessed best match"
Oatmeal Stout,94.0,Samuel Smith Old Brewery,5.0,https://www.beeradvocate.com/beer/profile/113/571/,"multiple results, guessed best match"
Barn Beer,93.0,Plan Bee Farm Brewery,5.5,https://www.beeradvocate.com/beer/profile/33607/220109/,"multiple results, guessed best match"
Racer 5,93.0,Bear Republic Brewing Company,7.5,https://www.beeradvocate.com/beer/profile/15240/2751/,"multiple results, guessed best match"
Can It Be All So Simple,93.0,Interboro Spirit & Ales,8.2,http://www.beeradvocate.com/search/?q=Can+It+Be+All+So+Simple&qt=beer,
Champs De Fraise,93.0,Firestone Walker Brewing Company,6.33,http://www.beeradvocate.com/search/?q=Champs+De+Fraise&qt=beer,
El Gourdo,93.0,Firestone Walker Brewing Company,5.8,https://www.beeradvocate.com/beer/profile/2210/142453/,"multiple results, guessed best match"
Boar,93.0,Canned Heat Craft Beer Company,6.6,https://www.beeradvocate.com/beer/profile/30654/255255/,"multiple results, guessed best match"
Arrogant Bastard,93.0,Stone Brewing Company,7.2,https://www.beeradvocate.com/beer/profile/43153/92/,"multiple results, guessed best match"
Three Philosophers,93.0,Brewery Ommegang,9.7,https://www.beeradvocate.com/beer/profile/42/3457/,"multiple results, guessed best match"
Bakery: Cherry Pie,93.0,The Bruery,10.2,http://www.beeradvocate.com/search/?q=Bakery:+Cherry+Pie&qt=beer,
Halia,93.0,Goose Island Beer Company,7.5,https://www.beeradvocate.com/beer/profile/1146/68362/,"multiple results, guessed best match"
Sixth Glass,93.0,Boulevard Brewing Company,10.2,http://www.beeradvocate.com/search/?q=Sixth+Glass&qt=beer,
Santilli,93.0,Night Shift Brewing Company,6.0,http://www.beeradvocate.com/search/?q=Santilli&qt=beer,
Johnny Hammertime,93.0,Mighty Squirrel Brewing Company,9.7,http://www.beeradvocate.com/search/?q=Johnny+Hammertime&qt=beer,
Allagash Tripel,93.0,Allagash Brewing Company,9.0,https://www.beeradvocate.com/beer/profile/4/448/,"multiple results, guessed best match"
Cosmic Distortion,93.0,Mighty Squirrel Brewing Company,8.0,http://www.beeradvocate.com/search/?q=Cosmic+Distortion&qt=beer,
Mayflower Porter,93.0,Mayflower Brewing Company,5.2,https://www.beeradvocate.com/beer/profile/16105/41839/,"multiple results, guessed best match"
Jigsaw Jazz,93.0,Fort Hill Brewery,9.3,http://www.beeradvocate.com/search/?q=Jigsaw+Jazz&qt=beer,
White,93.0,Allagash Brewing Company,5.1,https://www.beeradvocate.com/beer/profile/4/59/,"multiple results, guessed best match"
Cadillac Mountain,93.0,Atlantic Brewing Company,6.7,https://www.beeradvocate.com/beer/profile/347/3338/,"multiple results, guessed best match"
Tank 7,93.0,Boulevard Brewing Company,8.5,https://www.beeradvocate.com/beer/profile/423/50570/,"multiple results, guessed best match"
Melvin Ipa,93.0,Melvin Brewing Company,7.5,https://www.beeradvocate.com/beer/profile/24056/62740/,"multiple results, guessed best match"
Rochefort 6,93.0,Brasserie De Rochefort,7.5,https://www.beeradvocate.com/beer/profile/207/3842/,"multiple results, guessed best match"
Goudenband,93.0,Brouwerij Liefmans,8.0,https://www.beeradvocate.com/beer/profile/283/773/,"multiple results, guessed best match"
Corsendonk Christmas,93.0,Brouwerij Corsendonk,8.1,http://www.beeradvocate.com/search/?q=Corsendonk+Christmas&qt=beer,
Wit,93.0,Brouwerij St Bernardus,5.5,https://www.beeradvocate.com/beer/profile/259/7879/,"multiple results, guessed best match"
Taddy Porter,93.0,Samuel Smith Old Brewery,5.0,https://www.beeradvocate.com/beer/profile/113/572/,"multiple results, guessed best match"
Brauweisse,93.0,Brauerei Ayinger,5.1,http://www.beeradvocate.com/search/?q=Brauweisse&qt=beer,
Delirium Tremens,93.0,Brouwerij Huyghe,8.5,http://www.beeradvocate.com/search/?q=Delirium+Tremens&qt=beer,
Kriek De Ranke,93.0,Brouwerij De Ranke,7.0,https://www.beeradvocate.com/beer/profile/739/4924/,"multiple results, guessed best match"
Westmalle Dubbel,93.0,Brouwerij Der Trappisten Westmalle,7.0,http://www.beeradvocate.com/search/?q=Westmalle+Dubbel&qt=beer,
Fonteinen Oude Kriek,93.0,Drie Fonteinen,5.0,https://www.beeradvocate.com/beer/profile/2216/92640/,"multiple results, guessed best match"
Paper Airplanes,92.0,Birds Fly South Ale Project,6.0,http://www.beeradvocate.com/search/?q=Paper+Airplanes&qt=beer,
Boskeun,92.0,De Dolle Brouwerij,10.0,http://www.beeradvocate.com/search/?q=Boskeun&qt=beer,
Oro De Calabaza,92.0,Jolly Pumpkin Artisan Ales,8.0,https://www.beeradvocate.com/beer/profile/9897/18975/,"multiple results, guessed best match"
Impending Descent,92.0,Troegs Brewing Company,9.8,https://www.beeradvocate.com/beer/profile/694/146366/,"multiple results, guessed best match"
Six Grain,92.0,Austin Street Brewery,6.7,https://www.beeradvocate.com/beer/profile/34657/147783/,"multiple results, guessed best match"
La Roja Grand Reserve,92.0,Jolly Pumpkin Artisan Ales,8.0,http://www.beeradvocate.com/search/?q=La+Roja+Grand+Reserve&qt=beer,
Old Engine Oil,92.0,Harviestoun Brewery,6.0,https://www.beeradvocate.com/beer/profile/323/875/,"multiple results, guessed best match"
Skull Splitter,92.0,Orkney Brewery,8.5,https://www.beeradvocate.com/beer/profile/118/402/,"multiple results, guessed best match"
Eisbock,92.0,Kulmbacher Brauerei,9.2,https://www.beeradvocate.com/beer/profile/412/11582/,"multiple results, guessed best match"
Saison,92.0,Allagash Brewing Company,8.0,https://www.beeradvocate.com/beer/profile/4/146790/,"multiple results, guessed best match"
Superhero Sidekicks,92.0,Kings Country Brewers Collective,6.9,http://www.beeradvocate.com/search/?q=Superhero+Sidekicks&qt=beer,
Petite Sour Raspberry,92.0,Crooked Stave Artisan Beer Project,5.5,https://www.beeradvocate.com/beer/profile/25191/165762/,"multiple results, guessed best match"
Nut Brown,92.0,Samuel Smith Old Brewery,5.0,https://www.beeradvocate.com/beer/profile/113/576/,"multiple results, guessed best match"
On Fleek,92.0,Stillwater Artisanal,13.0,https://www.beeradvocate.com/beer/profile/22150/212159/,"multiple results, guessed best match"
Petrus Aged Pale,92.0,De Brabandere,7.3,https://www.beeradvocate.com/beer/profile/718/2184/,"multiple results, guessed best match"
Whirlpool,92.0,Night Shift Brewing Company,4.5,https://www.beeradvocate.com/beer/profile/28609/114884/,"multiple results, guessed best match"
Ancient Power,92.0,Burlington Beer Company,8.0,http://www.beeradvocate.com/search/?q=Ancient+Power&qt=beer,
Ur Weisse,92.0,Brauerei Ayinger,5.8,https://www.beeradvocate.com/beer/profile/39/135/,"multiple results, guessed best match"
Uncanny Valley,92.0,Burlington Beer Company,7.0,http://www.beeradvocate.com/search/?q=Uncanny+Valley&qt=beer,
Birds Of A Feather,92.0,Lamplighter Brewing Company,6.8,https://www.beeradvocate.com/beer/profile/43127/272261/,"multiple results, guessed best match"
Plink,92.0,Grimm Artisanal Ales,5.7,http://www.beeradvocate.com/search/?q=Plink&qt=beer,
Prismatic Lazer,92.0,Burlington Beer Company,8.0,http://www.beeradvocate.com/search/?q=Prismatic+Lazer&qt=beer,
4 Giants,92.0,Founders Brewing Company,9.2,https://www.beeradvocate.com/beer/profile/1199/349106/,"multiple results, guessed best match"
Achel Bruin,92.0,Brouwerij Achelse,8.0,https://www.beeradvocate.com/beer/profile/922/8045/,"multiple results, guessed best match"
8 Days A Week,92.0,Beer\'d Brewing Company,6.7,https://www.beeradvocate.com/beer/profile/30321/118506/,"multiple results, guessed best match"
Momoko,92.0,Oxbow Brewing Company,7.0,http://www.beeradvocate.com/search/?q=Momoko&qt=beer,
Bretta Weisse,91.0,Firestone Walker Brewing Company,4.9,https://www.beeradvocate.com/beer/profile/2210/88903/,"multiple results, guessed best match"
Farmhouse Pale Ale,91.0,Oxbow Brewing Company,6.0,https://www.beeradvocate.com/beer/profile/26439/72219/,"multiple results, guessed best match"
Sour Rose,91.0,Crooked Stave Artisan Beer Project,4.5,https://www.beeradvocate.com/beer/profile/25191/248811/,"multiple results, guessed best match"
Northern Heights,91.0,Ten Bends Beer,8.0,http://www.beeradvocate.com/search/?q=Northern+Heights&qt=beer,
Farmhouse Pale Ale,91.0,Idle Hands Craft Ales,6.0,https://www.beeradvocate.com/beer/profile/26439/72219/,"multiple results, guessed best match"
Landlord,91.0,Timothy Taylor & Company,4.3,https://www.beeradvocate.com/beer/profile/2150/5560/,"multiple results, guessed best match"
Not In My Dojo,91.0,Sloop Brewing Company,6.8,http://www.beeradvocate.com/search/?q=Not+In+My+Dojo&qt=beer,
Citra Dreams,91.0,Captain Lawrence Brewing Company,7.0,https://www.beeradvocate.com/beer/profile/12959/446724/,"multiple results, guessed best match"
Rolling In Clouds,91.0,Finback Brewery,7.1,http://www.beeradvocate.com/search/?q=Rolling+In+Clouds&qt=beer,
Good Fortune,91.0,Common Roots Brewing Company,6.5,http://www.beeradvocate.com/search/?q=Good+Fortune&qt=beer,
60 Minute Ipa,91.0,Dogfish Head Craft Brewery,6.0,https://www.beeradvocate.com/beer/profile/64/6108/,"multiple results, guessed best match"
Brigadeiro,91.0,Springdale Beer Company,6.8,https://www.beeradvocate.com/beer/profile/48475/281706/,"multiple results, guessed best match"
Briar Weisse,91.0,Night Shift Brewing Company,5.2,http://www.beeradvocate.com/search/?q=Briar+Weisse&qt=beer,
Hyperfocus,91.0,Aeronaut Brewing Company,6.8,https://www.beeradvocate.com/beer/profile/34607/372936/,"multiple results, guessed best match"
Fear Movie Lions,91.0,Stone Brewing Company,8.5,https://www.beeradvocate.com/beer/profile/147/334028/,"multiple results, guessed best match"
Astrolabe,91.0,Urban Artifact Brewing,5.9,https://www.beeradvocate.com/beer/profile/27400/100418/,"multiple results, guessed best match"
Space Cake,91.0,Clown Shoes Beer,9.0,https://www.beeradvocate.com/beer/profile/22951/113602/,"multiple results, guessed best match"
Flower Power,91.0,Ithaca Beer Company,7.5,https://www.beeradvocate.com/beer/profile/651/78532/,"multiple results, guessed best match"
Matilda,91.0,Goose Island Beer Company,7.0,https://www.beeradvocate.com/beer/profile/1146/4318/,"multiple results, guessed best match"
Stout Rullquin,91.0,Gueuzerie Tilquin,7.0,https://www.beeradvocate.com/beer/profile/25923/102760/,"multiple results, guessed best match"
Dirty Bastard,91.0,Founders Brewing Company,8.5,https://www.beeradvocate.com/beer/profile/1199/7463/,"multiple results, guessed best match"
Patina Pale Ale,91.0,Austin Street Brewery,5.3,https://www.beeradvocate.com/beer/profile/34657/120997/,"multiple results, guessed best match"
Rare Vos,91.0,Brewery Ommegang,6.5,https://www.beeradvocate.com/beer/profile/42/593/,"multiple results, guessed best match"
Belhaven Wee Heavy,91.0,Belhaven Brewery,6.5,https://www.beeradvocate.com/beer/profile/148/79/,"multiple results, guessed best match"
Fiddlehead Ipa,91.0,Fiddlehead Brewing Company,6.2,https://www.beeradvocate.com/beer/profile/27919/76970/,"multiple results, guessed best match"
Vague Recollection,91.0,Jester King Brewery,6.0,https://www.beeradvocate.com/beer/profile/24018/318134/,"multiple results, guessed best match"
Spon 1,91.0,Jester King Brewery,5.7,https://www.beeradvocate.com/beer/profile/24018/288937/,"multiple results, guessed best match"
Estuary,91.0,Fore River Brewing Company,8.4,https://www.beeradvocate.com/beer/profile/44641/276045/,"multiple results, guessed best match"
Margarita Gose,91.0,Destihl Brewery,4.2,https://www.beeradvocate.com/beer/profile/17981/114685/,"multiple results, guessed best match"
Rosetta,91.0,Brewery Ommegang,5.6,https://www.beeradvocate.com/beer/profile/42/188719/,"multiple results, guessed best match"
Hitachino Nest White,91.0,Kiuchi Brewery,5.5,http://www.beeradvocate.com/search/?q=Hitachino+Nest+White&qt=beer,
Solera,90.0,Brewery Ommegang,8.0,https://www.beeradvocate.com/beer/profile/46299/246762/,"multiple results, guessed best match"
Pale Ale,90.0,Tuckerman Brewing Company,5.6,https://www.beeradvocate.com/beer/profile/140/276/,"multiple results, guessed best match"
Thomas Hardy Ale,90.0,Meantime Brewing Company,11.7,https://www.beeradvocate.com/beer/profile/5062/367343/,"multiple results, guessed best match"
Galactic Cowboy,90.0,Left Hand Brewing Company,9.0,http://www.beeradvocate.com/search/?q=Galactic+Cowboy&qt=beer,
Certatio Equestris,90.0,Avery Brewing Company,8.9,http://www.beeradvocate.com/search/?q=Certatio+Equestris&qt=beer,
Lavenade,90.0,Springdale Beer Co,4.5,https://www.beeradvocate.com/beer/profile/48475/363584/,"multiple results, guessed best match"
Petite Sour Peach,90.0,Crooked Stave Artisan Beer Project,4.5,http://www.beeradvocate.com/search/?q=Petite+Sour+Peach&qt=beer,
Brite,90.0,The Bruery,7.1,https://www.beeradvocate.com/beer/profile/25959/131535/,"multiple results, guessed best match"
Extended Jam,90.0,Destihl Brewery,6.8,http://www.beeradvocate.com/search/?q=Extended+Jam&qt=beer,
Cellar Door,90.0,Stillwater Artisanal,6.6,https://www.beeradvocate.com/beer/profile/22150/58523/,"multiple results, guessed best match"
Bretta Blanc,90.0,Firestone Walker Brewing Company,7.5,https://www.beeradvocate.com/beer/profile/2210/304318/,"multiple results, guessed best match"
Festina Lente,90.0,Dogfish Head Craft Brewery,7.0,https://www.beeradvocate.com/beer/profile/64/13722/,"multiple results, guessed best match"
Prairie Noir,90.0,Prairie Artisan Ales,11.0,https://www.beeradvocate.com/beer/profile/30356/95382/,"multiple results, guessed best match"
Dieu-le-veut,90.0,Rising Tide Brewing Company,7.0,https://www.beeradvocate.com/beer/profile/1141/18272/,"multiple results, guessed best match"
Kapuziner Weissbier,90.0,Kulmbacher Brauerei,5.4,https://www.beeradvocate.com/beer/profile/412/1229/,"multiple results, guessed best match"
Post Ride Snack,90.0,Maine Beer Company,4.9,http://www.beeradvocate.com/search/?q=Post+Ride+Snack&qt=beer,
Jess,90.0,Amherst Brewing Company,7.0,https://www.beeradvocate.com/beer/profile/225/170814/,"multiple results, guessed best match"
Goody Two Shoes,90.0,Exhibit A Brewing Company,4.5,http://www.beeradvocate.com/search/?q=Goody+Two+Shoes&qt=beer,
Pomme,90.0,Brouwerij Lindemans,7.1,https://www.beeradvocate.com/beer/profile/40927/267259/,"multiple results, guessed best match"
Samoan Drop,90.0,Banded Brewing,8.4,http://www.beeradvocate.com/search/?q=Samoan+Drop&qt=beer,
Cascade Strawberry,90.0,Cascade Brewing Company,7.39,https://www.beeradvocate.com/beer/profile/2391/81761/,"multiple results, guessed best match"
Strawberry,90.0,Brouwerij Lindemans,7.39,https://www.beeradvocate.com/beer/profile/2391/81761/,"multiple results, guessed best match"
Siracusa Nera,90.0,Dogfish Head Craft Brewery,10.0,https://www.beeradvocate.com/beer/profile/64/243300/,"multiple results, guessed best match"
Bretta Tangerine,90.0,Firestone Walker Brewing Company,6.2,https://www.beeradvocate.com/beer/profile/2210/355778/,"multiple results, guessed best match"
Pale Ale,90.0,Tributary Brewing Company,5.6,https://www.beeradvocate.com/beer/profile/140/276/,"multiple results, guessed best match"
Rodenbach Classic,90.0,Rodenbach,5.2,http://www.beeradvocate.com/search/?q=Rodenbach+Classic&qt=beer,
White Picket Fence,90.0,Bellwoods Brewery,6.4,https://www.beeradvocate.com/beer/profile/28820/305255/,"multiple results, guessed best match"
Phase Change,90.0,Lagunitas Brewing Company,7.4,https://www.beeradvocate.com/beer/profile/220/401247/,"multiple results, guessed best match"
Dark Truth,90.0,Boulevard Brewing Company,9.7,https://www.beeradvocate.com/beer/profile/423/56469/,"multiple results, guessed best match"
Sorry Chicky,90.0,Burley Oak Brewing Company,4.4,https://www.beeradvocate.com/beer/profile/26749/147848/,"multiple results, guessed best match"
Better Dayz,90.0,Rutland Beerworks,8.5,https://www.beeradvocate.com/beer/profile/37304/266986/,"multiple results, guessed best match"
Maine Island Trail,89.0,Rising Tide Brewery Co,4.3,http://www.beeradvocate.com/search/?q=Maine+Island+Trail&qt=beer,
Coconut Hiwa,89.0,Maui Brewing Company,6.0,http://www.beeradvocate.com/search/?q=Coconut+Hiwa&qt=beer,
Hog Oiler,89.0,Berkley Beer Company,8.0,http://www.beeradvocate.com/search/?q=Hog+Oiler&qt=beer,
Nanticoke Nectar,89.0,Realerevival Brewing,7.4,https://www.beeradvocate.com/beer/profile/31849/107047/,"multiple results, guessed best match"
Old Brown Dog,89.0,Smuttynose Brewing Company,11.1,https://www.beeradvocate.com/beer/profile/141/187949/,"multiple results, guessed best match"
Luppolo,89.0,Oxbow Brewing Company,5.0,https://www.beeradvocate.com/beer/profile/26439/254094/,"multiple results, guessed best match"
Liquid Swords,89.0,Oxbow Brewing Company,8.8,https://www.beeradvocate.com/beer/profile/27844/316653/,"multiple results, guessed best match"
Bam Biere,89.0,Jolly Pumpkin Artisan Ales,4.5,https://www.beeradvocate.com/beer/profile/9897/28176/,"multiple results, guessed best match"
Mo,89.0,Maine Beer Company,6.5,https://www.beeradvocate.com/beer/profile/20681/56545/,"multiple results, guessed best match"
Bourbon Barrel Quad,89.0,Boulevard Brewing Company,11.5,https://www.beeradvocate.com/beer/profile/24075/108409/,"multiple results, guessed best match"
Kriek Brut,89.0,Liefmans Brouwerij,6.0,https://www.beeradvocate.com/beer/profile/283/283112/,"multiple results, guessed best match"
Astrid,89.0,Allagash Brewing Company,9.7,https://www.beeradvocate.com/beer/profile/4/212069/,"multiple results, guessed best match"
Saison Du Tracteur,89.0,Le Trou Du Diable,6.0,http://www.beeradvocate.com/search/?q=Saison+Du+Tracteur&qt=beer,
Mean Old Tom,89.0,Maine Beer Company,6.5,https://www.beeradvocate.com/beer/profile/20681/56545/,"multiple results, guessed best match"
Helles Schlenkerla,89.0,Brauerei Heller-trum,4.3,https://www.beeradvocate.com/beer/profile/263/29145/,"multiple results, guessed best match"
Dark Island,89.0,Orkney Brewery,4.6,https://www.beeradvocate.com/beer/profile/118/401/,"multiple results, guessed best match"
Weissbier Dunkel,89.0,Klosterbrauerei Andechs,5.0,https://www.beeradvocate.com/beer/profile/911/3994/,"multiple results, guessed best match"
Troegenator,89.0,Troegs Brewing Company,8.2,https://www.beeradvocate.com/beer/profile/694/4109/,"multiple results, guessed best match"
Cloud Candy,89.0,Mighty Squirrel Brewing Company,6.5,https://www.beeradvocate.com/beer/profile/41562/323627/,"multiple results, guessed best match"
1620,89.0,Ipswich Ale Brewery,6.3,https://www.beeradvocate.com/beer/profile/162/297632/,"multiple results, guessed best match"
Broze,89.0,Proclamation Ale Company,5.5,https://www.beeradvocate.com/beer/profile/33482/196469/,"multiple results, guessed best match"
Mind Haze,89.0,Firestone Walker Brewing Company,6.2,https://www.beeradvocate.com/beer/profile/2210/374705/,"multiple results, guessed best match"
Sour Face,89.0,Mighty Squirrel Brewing Company,5.0,https://www.beeradvocate.com/beer/profile/41562/364805/,"multiple results, guessed best match"
Kriek Des Jacobins,89.0,Brouwerij Omer Vander Ghinste,4.5,http://www.beeradvocate.com/search/?q=Kriek+Des+Jacobins&qt=beer,
Birthday Suit,89.0,Uinta Brewing Company,6.3,https://www.beeradvocate.com/beer/profile/1416/117688/,"multiple results, guessed best match"
Tv Party,89.0,Radiant Pig Craft Brews,7.6,https://www.beeradvocate.com/beer/profile/22072/65387/,"multiple results, guessed best match"
Zen Garden,89.0,Clown Shoes Beer,6.75,https://www.beeradvocate.com/beer/profile/22951/382399/,"multiple results, guessed best match"
Eku 28,89.0,Kulmbacher Brauerei,11.0,https://www.beeradvocate.com/beer/profile/412/1230/,"multiple results, guessed best match"
Route 101,89.0,Ipswich Ale Brewery,6.0,http://www.beeradvocate.com/search/?q=Route+101&qt=beer,
Or Xata,89.0,The Bruery,7.2,https://www.beeradvocate.com/beer/profile/16866/160820/,"multiple results, guessed best match"
Dead Guy,89.0,Rogue Brewing Company,6.8,https://www.beeradvocate.com/beer/profile/132/355/,"multiple results, guessed best match"
Von Pilsner,89.0,Crooked Stave Artisan Beer Project,5.0,https://www.beeradvocate.com/beer/profile/25191/252326/,"multiple results, guessed best match"
Jahrhundert,89.0,Brauerei Ayinger,5.5,https://www.beeradvocate.com/beer/profile/39/133/,"multiple results, guessed best match"
Po Tweet,89.0,Hermit Thrush Brewery,5.2,https://www.beeradvocate.com/beer/profile/37303/246247/,"multiple results, guessed best match"
Samichlaus Schwarzes,89.0,Brauerei Schloss Eggenberg,14.0,http://www.beeradvocate.com/search/?q=Brauerei+Schloss+Eggenberg+Samichlaus+Schwarzes&qt=beer,
Afterglow,89.0,Simple Roots Brewing,7.0,https://www.beeradvocate.com/beer/profile/34208/191802/,"multiple results, guessed best match"
Ritterguts Gose,89.0,Brauhaus Ritterguts,4.7,https://www.beeradvocate.com/beer/profile/58142/11218/,"multiple results, guessed best match"
Finback Ipa,89.0,Finback Brewery,7.2,https://www.beeradvocate.com/beer/profile/33901/111411/,"multiple results, guessed best match"
Doobious,89.0,Bad Sons Beer Company,8.4,https://www.beeradvocate.com/beer/profile/48923/370848/,"multiple results, guessed best match"
Rarefied Air,89.0,Fiddlehead Brewing Company,7.7,https://www.beeradvocate.com/beer/profile/27919/280067/,"multiple results, guessed best match"
Altbairisch Dunkel,89.0,Brauerei Ayinger,5.0,https://www.beeradvocate.com/beer/profile/39/134/,"multiple results, guessed best match"
Barock Dunkel,88.0,Klosterbrauerei Weltenburg,4.7,http://www.beeradvocate.com/search/?q=Barock+Dunkel&qt=beer,
Space Gose,88.0,Barreled Souls Brewing,4.9,https://www.beeradvocate.com/beer/profile/36073/131813/,"multiple results, guessed best match"
Currantly Blacked Out,88.0,Barreled Souls Brewing,4.9,http://www.beeradvocate.com/search/?q=Currantly+Blacked+Out&qt=beer,
Framboise,88.0,Brouwerij Lindemans,2.5,https://www.beeradvocate.com/beer/profile/187/599/,"multiple results, guessed best match"
Helles,88.0,Von Trapp Brewing,4.9,https://www.beeradvocate.com/beer/profile/22512/317160/,"multiple results, guessed best match"
Pinky Swear,88.0,Revival Brewing Company,3.5,https://www.beeradvocate.com/beer/profile/33064/225227/,"multiple results, guessed best match"
Foreign Extra Stout,88.0,St. James\' Gate Brewery,8.2,https://www.beeradvocate.com/beer/profile/35016/271043/,"multiple results, guessed best match"
Optimator,88.0,Spaten-brau,7.6,http://www.beeradvocate.com/search/?q=Optimator&qt=beer,
River Guide,88.0,Berkshire Brewing Company,7.0,https://www.beeradvocate.com/beer/profile/33/2370/,"multiple results, guessed best match"
Kost Schwarzbier,88.0,Kostritzer Schwarzbierbrauerei Gmbh & Co.,4.8,https://www.beeradvocate.com/beer/profile/648/1774/,"multiple results, guessed best match"
Maduro Brown Ale,88.0,Cigar City Brewing,5.5,https://www.beeradvocate.com/beer/profile/17981/47731/,"multiple results, guessed best match"
Ola Dubh 12,88.0,Harviestoun Brewery,8.0,https://www.beeradvocate.com/beer/profile/323/323308/,"multiple results, guessed best match"
La Vermontoise,88.0,Brasserie De Blaugies,6.0,http://www.beeradvocate.com/search/?q=La+Vermontoise&qt=beer,
New England Ipa,88.0,Shire Breu-hous,6.8,https://www.beeradvocate.com/beer/profile/35/303198/,"multiple results, guessed best match"
Espressway,88.0,Two Roads Brewing Company,6.5,https://www.beeradvocate.com/beer/profile/30437/213109/,"multiple results, guessed best match"
Grove Stand,88.0,Beer\'d Brewing Company,9.2,https://www.beeradvocate.com/beer/profile/30321/98338/,"multiple results, guessed best match"
Premiere,88.0,Interboro Spirit & Ales,10.0,https://www.beeradvocate.com/beer/profile/16866/61153/,"multiple results, guessed best match"
Synchopathic,88.0,Destihl Brewery,6.0,https://www.beeradvocate.com/beer/profile/36757/241101/,"multiple results, guessed best match"
Milk Stout Nitro,88.0,Left Hand Brewing Company,5.0,https://www.beeradvocate.com/beer/profile/418/328101/,"multiple results, guessed best match"
Milk Stout,88.0,Left Hand Brewing Company,6.0,https://www.beeradvocate.com/beer/profile/418/415392/,"multiple results, guessed best match"
Coconut Sombrero,88.0,Clown Shoes Beer,7.0,http://www.beeradvocate.com/search/?q=Coconut+Sombrero&qt=beer,
Ommegang Abbey,88.0,Brewery Ommegang,9.5,https://www.beeradvocate.com/beer/profile/42/65735/,"multiple results, guessed best match"
Tripel Threat,88.0,Cambridge Brewing Company,10.0,https://www.beeradvocate.com/beer/profile/14/2599/,"multiple results, guessed best match"
Gypsy Tart,88.0,The Bruery,8.4,http://www.beeradvocate.com/search/?q=Gypsy+Tart&qt=beer,
Ipa,88.0,Crooked Stave Artisan Beer Project,6.2,https://www.beeradvocate.com/beer/profile/220/916/,"multiple results, guessed best match"
Phantom Haze,88.0,Boulevard Brewing Company,7.5,https://www.beeradvocate.com/beer/profile/423/460226/,"multiple results, guessed best match"
Brettabolic,88.0,Wicked Weed Brewing Company,5.9,http://www.beeradvocate.com/search/?q=Brettabolic&qt=beer,
Rocket Surgery,88.0,Surly Brewing Company,5.5,https://www.beeradvocate.com/beer/profile/13014/363378/,"multiple results, guessed best match"
London Pride,88.0,Fuller\'s Brewery,4.1,https://www.beeradvocate.com/beer/profile/71/222/,"multiple results, guessed best match"
Old Foghorn,88.0,Anchor Brewing Company,10.0,https://www.beeradvocate.com/beer/profile/28/1445/,"multiple results, guessed best match"
Red Seal,88.0,North Coast Brewing Company,5.4,http://www.beeradvocate.com/search/?q=Red+Seal&qt=beer,
River Trip,88.0,Allagash Brewing Company,4.8,https://www.beeradvocate.com/beer/profile/4/398180/,"multiple results, guessed best match"
Galactica,88.0,Clown Shoes Beer,8.0,https://www.beeradvocate.com/beer/profile/22951/92472/,"multiple results, guessed best match"
New World Ipa,87.0,Mayflower Brewing Company,6.2,https://www.beeradvocate.com/beer/profile/35989/189786/,"multiple results, guessed best match"
House Lager,87.0,Jack\'s Abby Craft Lagers,5.2,https://www.beeradvocate.com/beer/profile/26520/153110/,"multiple results, guessed best match"
Pearly Wit,87.0,Springdale Beer Company,4.8,https://www.beeradvocate.com/beer/profile/48475/282886/,"multiple results, guessed best match"
Katie,87.0,Amherst Brewing Company,5.5,https://www.beeradvocate.com/beer/profile/225/270150/,"multiple results, guessed best match"
Amber Ale,87.0,Bell\'s Brewery,5.8,https://www.beeradvocate.com/beer/profile/287/794/,"multiple results, guessed best match"
The 87,87.0,Night Shift Brewing Company,9.0,https://www.beeradvocate.com/beer/profile/64/41702/,"multiple results, guessed best match"
Accidental Wilderness,87.0,Honest Weight Artisan Beer,5.6,http://www.beeradvocate.com/search/?q=Accidental+Wilderness&qt=beer,
Arabier,87.0,Brouwerij De Dolle,8.0,https://www.beeradvocate.com/beer/profile/201/215314/,"multiple results, guessed best match"
Maibock Hurts Like Helles,87.0,Jack\'s Abby Craft Lagers,6.5,http://www.beeradvocate.com/search/?q=Maibock+Hurts+Like+Helles&qt=beer,
Zundert,87.0,Brouwerij De Kievit,8.0,https://www.beeradvocate.com/beer/profile/33472/107400/,"multiple results, guessed best match"
Shadow Figures,87.0,Common Roots Brewing Company,5.5,http://www.beeradvocate.com/search/?q=Shadow+Figures&qt=beer,
Extra Dry,87.0,Stillwater Artisanal,4.2,https://www.beeradvocate.com/beer/profile/22150/229927/,"multiple results, guessed best match"
Gregorius,87.0,Stift Engelszell,9.7,https://www.beeradvocate.com/beer/profile/30035/86464/,"multiple results, guessed best match"
Orabelle,87.0,Great Divide Brewing Company,8.3,http://www.beeradvocate.com/search/?q=Orabelle&qt=beer,
Reissdorf Kolsch,87.0,Brauerei Heinrich Reissdorf,4.8,http://www.beeradvocate.com/search/?q=Reissdorf+Kolsch&qt=beer,
Wild Sour: Flanders,87.0,Destihl Brewery,6.1,https://www.beeradvocate.com/beer/profile/36757/124710/,"multiple results, guessed best match"
Anniversary Series,87.0,The Bruery,8.4,https://www.beeradvocate.com/beer/profile/651/139177/,"multiple results, guessed best match"
Sierra Torpedo,87.0,Sierra Nevada Brewing Company,6.0,https://www.beeradvocate.com/beer/profile/140/251571/,"multiple results, guessed best match"
Hop Sounds,87.0,Singlecut Beersmiths,5.0,https://www.beeradvocate.com/beer/profile/30452/416659/,"multiple results, guessed best match"
Ticky Ticky Buzz,87.0,Fonta Flora Brewery,3.2,http://www.beeradvocate.com/search/?q=Ticky+Ticky+Buzz&qt=beer,
Granola Brown Ale,87.0,Black Hog Brewing Company,5.5,https://www.beeradvocate.com/beer/profile/34658/127795/,"multiple results, guessed best match"
Best Coast Ipa,87.0,Drake\'s Brewing Company,7.0,https://www.beeradvocate.com/beer/profile/3835/10308/,"multiple results, guessed best match"
St Medard,87.0,Brasserie Au Baron,7.0,https://www.beeradvocate.com/beer/profile/7548/15838/,"multiple results, guessed best match"
Anchor Steam,87.0,Anchor Brewing Company,4.9,https://www.beeradvocate.com/beer/profile/28/63/,"multiple results, guessed best match"
Nebiulin-a,87.0,Loverbeer,8.0,http://www.beeradvocate.com/search/?q=Nebiulin-a&qt=beer,
Party Guy,87.0,Hermit Thrush Brewery,3.0,https://www.beeradvocate.com/beer/profile/37303/167317/,"multiple results, guessed best match"
Good Neighbor,87.0,Simple Roots Brewing,6.5,https://www.beeradvocate.com/beer/profile/35179/255730/,"multiple results, guessed best match"
Midnight Oil,87.0,Beer\'d Brewing Company,6.2,https://www.beeradvocate.com/beer/profile/30321/102281/,"multiple results, guessed best match"
Colette,87.0,Great Divide Brewing Company,7.3,https://www.beeradvocate.com/beer/profile/158/49374/,"multiple results, guessed best match"
Samara Brown,87.0,Lone Pine Brewing Company,7.5,http://www.beeradvocate.com/search/?q=Samara+Brown&qt=beer,
Kriek,87.0,Lindemans Brewery,3.5,https://www.beeradvocate.com/beer/profile/187/600/,"multiple results, guessed best match"
Country Ride,87.0,Realerevival Brewing,5.8,https://www.beeradvocate.com/beer/profile/31849/255009/,"multiple results, guessed best match"
Whoopie Pie Stout,87.0,Some Brewing Company,6.0,https://www.beeradvocate.com/beer/profile/33631/140888/,"multiple results, guessed best match"
All Day Ipa,87.0,Founders Brewing Company,4.7,https://www.beeradvocate.com/beer/profile/1199/58914/,"multiple results, guessed best match"
Peak Fresh Cut,87.0,Peak Organic Brewing,4.6,http://www.beeradvocate.com/search/?q=Peak+Fresh+Cut&qt=beer,
Bluebird Bitter,87.0,Coniston Brewing Company,4.2,https://www.beeradvocate.com/beer/profile/298/828/,"multiple results, guessed best match"
Rosie,87.0,Lamplighter Brewing Company,9.0,https://www.beeradvocate.com/beer/profile/741/51293/,"multiple results, guessed best match"
Herkules,87.0,Schilling Beer Company,5.0,https://www.beeradvocate.com/beer/profile/32906/114372/,"multiple results, guessed best match"
Select Schwarzbier,87.0,Pipeworks Brewing Company,6.3,http://www.beeradvocate.com/search/?q=Select+Schwarzbier&qt=beer,
Hennepin,87.0,Brewery Ommegang,7.7,https://www.beeradvocate.com/beer/profile/42/165745/,"multiple results, guessed best match"
Leffe Brune,86.0,Abbaye De Leffe,6.5,http://www.beeradvocate.com/search/?q=Leffe+Brune&qt=beer,
Radler Grapefruit,86.0,Stiegl Brauerei,2.5,https://www.beeradvocate.com/beer/profile/817/68049/,"multiple results, guessed best match"
Boomerang,86.0,Mayflower Brewing Company,6.0,https://www.beeradvocate.com/beer/profile/16105/375340/,"multiple results, guessed best match"
Little Wolf,86.0,Zero Gravity Craft Brewery,4.7,https://www.beeradvocate.com/beer/profile/9784/156888/,"multiple results, guessed best match"
Green State Lager,86.0,Zero Gravity Craft Brewery,4.9,http://www.beeradvocate.com/search/?q=Green+State+Lager&qt=beer,
Every Day Haze,86.0,Ithaca Beer Company,6.6,http://www.beeradvocate.com/search/?q=Every+Day+Haze&qt=beer,
Petrus Rood Bruin,86.0,Brouwerij De Brabandere,5.5,http://www.beeradvocate.com/search/?q=Petrus+Rood+Bruin&qt=beer,
Milk Milk,86.0,Carton Brewing Company,4.0,https://www.beeradvocate.com/beer/profile/26817/77633/,"multiple results, guessed best match"
Scorn,86.0,Trve Brewing Company,5.5,https://www.beeradvocate.com/beer/profile/28439/110198/,"multiple results, guessed best match"
Springdale Ipa,86.0,Springdale Beer Company,6.2,https://www.beeradvocate.com/beer/profile/48475/461809/,"multiple results, guessed best match"
Vape Tricks,86.0,Prairie Artisan Ales,5.9,http://www.beeradvocate.com/search/?q=Vape+Tricks&qt=beer,
Oberon,86.0,Bell\'s Brewery,5.8,https://www.beeradvocate.com/beer/profile/287/1094/,"multiple results, guessed best match"
Hell Lager,86.0,Surly Brewing Company,5.0,https://www.beeradvocate.com/beer/profile/13014/44531/,"multiple results, guessed best match"
Berry Jammer,86.0,Sixpoint Brewery,4.0,http://www.beeradvocate.com/search/?q=Berry+Jammer&qt=beer,
Plain Top,86.0,Singlecut Beersmiths,5.2,http://www.beeradvocate.com/search/?q=Plain+Top&qt=beer,
Dmd,86.0,Brasserie Fantome,6.0,https://www.beeradvocate.com/beer/profile/738/173553/,"multiple results, guessed best match"
Groove City Hefe,86.0,Realerevival Brewing,5.2,http://www.beeradvocate.com/search/?q=Groove+City+Hefe&qt=beer,
Premium Pilsner,86.0,Pipeworks Brewing Company,4.9,https://www.beeradvocate.com/beer/profile/28178/345834/,"multiple results, guessed best match"
Sawa,86.0,Cervejaria Japas,6.7,https://www.beeradvocate.com/beer/profile/32810/164209/,"multiple results, guessed best match"
Weissbier,86.0,Benediktiner,5.4,https://www.beeradvocate.com/beer/profile/2432/55287/,"multiple results, guessed best match"
Brother Thelonious,86.0,North Coast Brewing Company,9.4,http://www.beeradvocate.com/search/?q=Brother+Thelonious&qt=beer,
Hell,86.0,Mahr\'s Brau,5.0,https://www.beeradvocate.com/beer/profile/13014/44531/,"multiple results, guessed best match"
Robot Crush,86.0,Aeronaut Brewing Company,5.1,https://www.beeradvocate.com/beer/profile/34607/257450/,"multiple results, guessed best match"
Organic Lager Beer,86.0,Samuel Smith Old Brewery Tadcaster,5.0,https://www.beeradvocate.com/beer/profile/113/778/,"multiple results, guessed best match"
Freigeist Abraxas,86.0,Freigeist Bierkultur,3.8,http://www.beeradvocate.com/search/?q=Freigeist+Abraxas&qt=beer,
Working Class Hero,86.0,Cambridge Brewing Company,4.54,https://www.beeradvocate.com/beer/profile/14/215688/,"multiple results, guessed best match"
Meyer Lemon Gose,86.0,East Rock Brewing Company,5.0,https://www.beeradvocate.com/beer/profile/24940/177977/,"multiple results, guessed best match"
Grevensteiner,86.0,C & A Veltins Brewing Company,5.2,https://www.beeradvocate.com/beer/profile/172/115552/,"multiple results, guessed best match"
Leisure Lagoon,86.0,Coronado Brewing Company,5.5,http://www.beeradvocate.com/search/?q=Leisure+Lagoon&qt=beer,
Commerzienrat Riegele,86.0,Brauhaus Riegele,5.2,https://www.beeradvocate.com/beer/profile/5850/61875/,"multiple results, guessed best match"
Extra Farmhouse,86.0,Brasserie Thiriez,5.8,https://www.beeradvocate.com/beer/profile/31722/141581/,"multiple results, guessed best match"
Shut Up Kelly!,86.0,Bone Up Brewing Company,5.9,https://www.beeradvocate.com/beer/profile/43128/209684/,"multiple results, guessed best match"
Samichlaus Helles,86.0,Brauerei Schloss Eggenberg,14.0,https://www.beeradvocate.com/beer/profile/285/39766/,"multiple results, guessed best match"
Petrus Aged Red,85.0,Brouwerij De Brabandere,8.5,http://www.beeradvocate.com/search/?q=Petrus+Aged+Red&qt=beer,
Somerset Wild,85.0,The Wild Beer Company,5.0,https://www.beeradvocate.com/beer/profile/30750/120140/,"multiple results, guessed best match"
Scrimshaw Pilsner,85.0,North Coast Brewing Company,4.4,http://www.beeradvocate.com/search/?q=Scrimshaw+Pilsner&qt=beer,
Coal Porter,85.0,Atlantic Brewing Company,6.5,https://www.beeradvocate.com/beer/profile/378/1928/,"multiple results, guessed best match"
Chocolate Ale,85.0,Boulevard Brewing Company,8.7,https://www.beeradvocate.com/beer/profile/423/66077/,"multiple results, guessed best match"
Aphrodite,85.0,Brasserie Dieu Du Ciel,8.9,https://www.beeradvocate.com/beer/profile/42/71369/,"multiple results, guessed best match"
Bright Field,85.0,Finback Brewery,5.4,https://www.beeradvocate.com/beer/profile/33901/346400/,"multiple results, guessed best match"
Modernism,85.0,Schilling Beer Company,4.6,https://www.beeradvocate.com/beer/profile/32906/197569/,"multiple results, guessed best match"
Finest Kind Ipa,85.0,Smuttynose Brewing Comapany,?,https://www.beeradvocate.com/beer/profile/141/178248/,"multiple results, guessed best match"
Sunshine Pils,85.0,Troegs Brewing Company,4.5,https://www.beeradvocate.com/beer/profile/694/4108/,"multiple results, guessed best match"
Rabbit Rabbit,85.0,Lamplighter Brewing Company,7.4,https://www.beeradvocate.com/beer/profile/26/4629/,"multiple results, guessed best match"
Golden Monkey,85.0,Victory Brewing Company,9.5,https://www.beeradvocate.com/beer/profile/345/1003/,"multiple results, guessed best match"
Original Munich Lager,85.0,Paulaner Munchen,4.9,http://www.beeradvocate.com/search/?q=Original+Munich+Lager&qt=beer,
Vienna Style Lager,85.0,Von Trapp Brewing,5.3,https://www.beeradvocate.com/beer/profile/140/50671/,"multiple results, guessed best match"
Peche,85.0,Brouwerij Lindemans,2.5,https://www.beeradvocate.com/beer/profile/187/21382/,"multiple results, guessed best match"
Pilsner,85.0,Von Trapp Brewing,5.4,https://www.beeradvocate.com/beer/profile/22512/369716/,"multiple results, guessed best match"
Harpoon Ipa,85.0,Harpoon Brewery,5.7,https://www.beeradvocate.com/beer/profile/98/112645/,"multiple results, guessed best match"
Moonjumper,85.0,Destihl Brewery,6.1,https://www.beeradvocate.com/beer/profile/36757/295908/,"multiple results, guessed best match"
Konig Pilsener,85.0,Konig Brauerei,4.9,https://www.beeradvocate.com/beer/profile/40/137/,"multiple results, guessed best match"
Light Hearted,85.0,Bell\'s Brewery,3.7,https://www.beeradvocate.com/beer/profile/287/431595/,"multiple results, guessed best match"
Flummox,85.0,Proclamation Ale Company,5.0,http://www.beeradvocate.com/search/?q=Flummox&qt=beer,
Petrus Aged Red,85.0,De Brabandere,8.5,http://www.beeradvocate.com/search/?q=Petrus+Aged+Red&qt=beer,
Sam Adams Boston Lager,85.0,Boston Beer Company,5.0,https://www.beeradvocate.com/beer/profile/35/104/,"multiple results, guessed best match"
Oeral,85.0,Brouwerij De Dolle,6.0,http://www.beeradvocate.com/search/?q=Oeral&qt=beer,
Kloster Anno 1050,84.0,Klosterbrauerei Weltenburg,5.5,http://www.beeradvocate.com/search/?q=Kloster+Anno+1050&qt=beer,
Lager,84.0,Firestone Walker Brewing Company,5.2,https://www.beeradvocate.com/beer/profile/45/148/,"multiple results, guessed best match"
Benediktiner Original,84.0,Ettaler Kolsterbrauerei,5.0,http://www.beeradvocate.com/search/?q=Benediktiner+Original&qt=beer,
Switchback Ale,84.0,Switchback Brewing Company,5.0,https://www.beeradvocate.com/beer/profile/5316/8854/,"multiple results, guessed best match"
Apollo Sunshine,84.0,Lamplighter Brewing Company,4.9,http://www.beeradvocate.com/search/?q=Apollo+Sunshine&qt=beer,
Substrate,84.0,Kent Falls Brewing Company,5.0,http://www.beeradvocate.com/search/?q=Substrate&qt=beer,
Mountain Ale,84.0,The Shed Brewery,7.4,https://www.beeradvocate.com/beer/profile/28980/81048/,"multiple results, guessed best match"
Hitachino Red Rice,84.0,Kiuchi Brewery,7.0,https://www.beeradvocate.com/beer/profile/697/4770/,"multiple results, guessed best match"
No Limits Hefeweizen,84.0,Two Roads Brewing Company,5.0,https://www.beeradvocate.com/beer/profile/30437/94390/,"multiple results, guessed best match"
Roadie Grapefruit Radler,84.0,Great Divide Brewing Company,4.2,http://www.beeradvocate.com/search/?q=Roadie+Grapefruit+Radler&qt=beer,
Fat Tire Belgian White,84.0,New Belgium Brewing Company,5.2,http://www.beeradvocate.com/search/?q=Fat+Tire+Belgian+White&qt=beer,
Contee,84.0,Definitive Brewing Company,4.6,http://www.beeradvocate.com/search/?q=Contee&qt=beer,
Ishmael,84.0,Rising Tide Brewing Company,4.9,https://www.beeradvocate.com/beer/profile/23639/61873/,"multiple results, guessed best match"
Fruittanomyces,84.0,Brewery Ommegang,5.3,http://www.beeradvocate.com/search/?q=Fruittanomyces&qt=beer,
Rec. League,84.0,Harpoon Brewery,3.8,http://www.beeradvocate.com/search/?q=Rec.+League&qt=beer,
Samuel Adams Brick Red,84.0,Boston Beer Company,5.2,https://www.beeradvocate.com/beer/profile/35/48246/,"multiple results, guessed best match"
Remain In Light,84.0,Cambridge Brewing Company,5.0,https://www.beeradvocate.com/beer/profile/14/107024/,"multiple results, guessed best match"
Crafty Radler,84.0,Pump House Brewery,4.7,http://www.beeradvocate.com/search/?q=Crafty+Radler&qt=beer,
Cherry Chouffe,84.0,Chouffe,8.0,http://www.beeradvocate.com/search/?q=Cherry+Chouffe&qt=beer,
Pepperell Pils,84.0,Banded Brewing,4.6,http://www.beeradvocate.com/search/?q=Pepperell+Pils&qt=beer,
Clementine,83.0,Clown Shoes Beer,6.0,https://www.beeradvocate.com/beer/profile/22951/58609/,"multiple results, guessed best match"
Seavey Island,83.0,Mast Landing Brewing Company,4.7,http://www.beeradvocate.com/search/?q=Seavey+Island&qt=beer,
Spinnaker,83.0,Rising Tide Brewing Company,4.5,https://www.beeradvocate.com/beer/profile/23639/92766/,"multiple results, guessed best match"
Black Scottish,83.0,Belhaven Brewery,4.2,https://www.beeradvocate.com/beer/profile/148/81614/,"multiple results, guessed best match"
Summer Rays,83.0,Cisco Brewers,5.3,http://www.beeradvocate.com/search/?q=Summer+Rays&qt=beer,
Session Lager,83.0,Full Sail Brewing Company,5.1,https://www.beeradvocate.com/beer/profile/5316/23713/,"multiple results, guessed best match"
Hefe Weiss,83.0,Hofbrauhaus Freising,4.2,https://www.beeradvocate.com/beer/profile/144/802/,"multiple results, guessed best match"
Gaffel Kolsch,83.0,Gaffel Brewery,4.8,https://www.beeradvocate.com/beer/profile/1536/4137/,"multiple results, guessed best match"
Flensburger Dunkel,83.0,Flensburger Brauerei,4.8,http://www.beeradvocate.com/search/?q=Flensburger+Dunkel&qt=beer,
Yorkshire Porter,83.0,Queen City Brewery,5.0,https://www.beeradvocate.com/beer/profile/33137/132100/,"multiple results, guessed best match"
Winterbock,83.0,Flensburger,7.0,http://www.beeradvocate.com/search/?q=Flensburger+Winterbock&qt=beer,
Plum Island,83.0,Newburyport Brewing Company,5.4,https://www.beeradvocate.com/beer/profile/31441/92916/,"multiple results, guessed best match"
Delirium Red,83.0,Brouwerij Huyghe,8.0,http://www.beeradvocate.com/search/?q=Delirium+Red&qt=beer,
Shipping Out Of Boston,83.0,Jack\'s Abby Craft Lagers,5.3,https://www.beeradvocate.com/beer/profile/26520/461807/,"multiple results, guessed best match"
Pilsner,83.0,Brauerei Weihenstephan,5.1,https://www.beeradvocate.com/beer/profile/45/788/,"multiple results, guessed best match"
Flensburger Weizen,83.0,Flensburger Brauerei,5.1,http://www.beeradvocate.com/search/?q=Flensburger+Weizen&qt=beer,
Freshie Salt & Pepper,83.0,Nomad Brewing Company,4.5,http://www.beeradvocate.com/search/?q=Freshie+Salt+&+Pepper&qt=beer,
Old Man Ale,83.0,Coniston Brewing Company,5.0,https://www.beeradvocate.com/beer/profile/298/12547/,"multiple results, guessed best match"
Weissenheimer Hefe,83.0,Destihl Brewery,5.2,http://www.beeradvocate.com/search/?q=Weissenheimer+Hefe&qt=beer,
Turbodog,83.0,Abita Brewing Company,5.6,https://www.beeradvocate.com/beer/profile/3/6/,"multiple results, guessed best match"
India Ale,83.0,Samuel Smith Old Brewery,5.0,https://www.beeradvocate.com/beer/profile/113/573/,"multiple results, guessed best match"
Boon Kriek,83.0,Brouwerij Boon,5.0,https://www.beeradvocate.com/beer/profile/47/2426/,"multiple results, guessed best match"
Brown Ale,83.0,Newburgh Brewing Company,5.6,https://www.beeradvocate.com/beer/profile/45/146/,"multiple results, guessed best match"
Hawaii Five Ale,83.0,Destihl Brewery,6.4,https://www.beeradvocate.com/beer/profile/36757/104748/,"multiple results, guessed best match"
Sour,83.0,Crooked Stave Artisan Beer Project,4.5,https://www.beeradvocate.com/beer/profile/25191/71627/,"multiple results, guessed best match"
Dunkel Lager,82.0,Von Trapp Brewing,5.3,https://www.beeradvocate.com/beer/profile/1853/34017/,"multiple results, guessed best match"
Leffe Blonde,82.0,Abbaye De Leffe,6.6,https://www.beeradvocate.com/beer/profile/470/2137/,"multiple results, guessed best match"
Traquair Ale,82.0,,5.0,https://www.beeradvocate.com/beer/profile/24/4304/,"multiple results, guessed best match"
1664 Blanc,82.0,Brasseries Kronenbourg,5.0,https://www.beeradvocate.com/beer/profile/1498/25625/,"multiple results, guessed best match"
Fat Tire,82.0,New Belgium Brewing Company,5.2,https://www.beeradvocate.com/beer/profile/192/607/,"multiple results, guessed best match"
Hoosac Tunnel,82.0,Berkshire Brewing Company,6.3,http://www.beeradvocate.com/search/?q=Hoosac+Tunnel&qt=beer,
Summer Session,82.0,Peak Organic Brewing Company,4.4,https://www.beeradvocate.com/beer/profile/13884/58999/,"multiple results, guessed best match"
Fly Jack,82.0,Firestone Walker Brewing Company,4.0,https://www.beeradvocate.com/beer/profile/2210/455479/,"multiple results, guessed best match"
Pilsner Urquell,82.0,Plzensky Prazdroj,4.4,https://www.beeradvocate.com/beer/profile/1/429/,"multiple results, guessed best match"
Taybeh Dark,82.0,Taybeh Brewing Company,6.0,http://www.beeradvocate.com/search/?q=Taybeh+Dark&qt=beer,
Celtic Ale,81.0,Long Ireland Beer Company,5.0,https://www.beeradvocate.com/beer/profile/20345/50398/,"multiple results, guessed best match"
Bar Harbor Real Ale,81.0,Atlantic Brewing Company,5.2,https://www.beeradvocate.com/beer/profile/378/1052/,"multiple results, guessed best match"
Flensburger Pils,81.0,Flensburger Brauerei,4.8,https://www.beeradvocate.com/beer/profile/2854/6710/,"multiple results, guessed best match"
Pineapple Mana,81.0,Maui Brewing Company,5.5,http://www.beeradvocate.com/search/?q=Pineapple+Mana&qt=beer,
Big Wave Golden Ale,81.0,Kona Brewing Company,4.4,http://www.beeradvocate.com/search/?q=Big+Wave+Golden+Ale&qt=beer,
Farmer Brown,81.0,The People\'s Pint,5.4,https://www.beeradvocate.com/beer/profile/231/12633/,"multiple results, guessed best match"
Stiegl Pils,81.0,Salzburger Stiegl,4.9,https://www.beeradvocate.com/beer/profile/817/43252/,"multiple results, guessed best match"
Banana Bread Beer,81.0,Eagle Brewery,5.2,https://www.beeradvocate.com/beer/profile/664/5488/,"multiple results, guessed best match"
Scottish Ale,81.0,Belhaven Brewery,4.2,https://www.beeradvocate.com/beer/profile/148/22386/,"multiple results, guessed best match"
Pesky Pils,80.0,Ipswich Ale Brewery,4.6,http://www.beeradvocate.com/search/?q=Pesky+Pils&qt=beer,
Blood Orange Wheat,80.0,Jack\'s Abby Craft Lagers,4.0,https://www.beeradvocate.com/beer/profile/26520/334128/,"multiple results, guessed best match"
Hay-z-boy,80.0,Two Roads Brewing Company,4.5,https://www.beeradvocate.com/beer/profile/33113/107318/,"multiple results, guessed best match"
Hefeweizen,80.0,Queen City Brewery,4.7,https://www.beeradvocate.com/beer/profile/68/2249/,"multiple results, guessed best match"
Flensburger Gold,80.0,Flensburger,4.8,http://www.beeradvocate.com/search/?q=Flensburger+Gold&qt=beer,
Helles Lager,80.0,Tributary Brewing Company,5.4,https://www.beeradvocate.com/beer/profile/4067/44831/,"multiple results, guessed best match"
Sierra Pale Ale,79.0,Sierra Nevada Brewing Company,6.0,https://www.beeradvocate.com/beer/profile/3239/12284/,"multiple results, guessed best match"
Nite Lite,79.0,Night Shift Brewing Company,4.3,https://www.beeradvocate.com/beer/profile/28609/244582/,"multiple results, guessed best match"
Sassamanash,79.0,Burlington Beer Company,4.8,https://www.beeradvocate.com/beer/profile/30791/148244/,"multiple results, guessed best match"
Pilsner Style,79.0,Wurzburger Hofbrau,4.9,https://www.beeradvocate.com/beer/profile/28795/80460/,"multiple results, guessed best match"
Bad Elf,79.0,Ridgeway Brewing,9.0,https://www.beeradvocate.com/beer/profile/7944/26887/,"multiple results, guessed best match"
Summerfest Lager,79.0,Sierra Nevada Brewing Company,?,https://www.beeradvocate.com/beer/profile/835/31331/,"multiple results, guessed best match"
Original Premium,79.0,Brauerei Weihenstephan,5.3,https://www.beeradvocate.com/beer/profile/4108/10104/,"multiple results, guessed best match"
Hoperation,79.0,Fort Hill Brewery,7.25,https://www.beeradvocate.com/beer/profile/29509/104486/,"multiple results, guessed best match"
Esb,78.0,Fuller\'s Brewery,5.8,https://www.beeradvocate.com/beer/profile/50687/1119/,"multiple results, guessed best match"
Bass Ale,77.0,Bass Brewers Limited,5.1,https://www.beeradvocate.com/beer/profile/293/811/,"multiple results, guessed best match"
Los Locos,76.0,Epic Brewing Company,4.8,http://www.beeradvocate.com/search/?q=Los+Locos&qt=beer,
Purple Haze,76.0,Abita Brewing Company,4.2,https://www.beeradvocate.com/beer/profile/3/7/,"multiple results, guessed best match"
Taybeh Golden,76.0,Taybeh Brewing Company,5.0,http://www.beeradvocate.com/search/?q=Taybeh+Golden&qt=beer,
Kronenbourg 1664,74.0,Brasseries Kronenbourg,5.5,https://www.beeradvocate.com/beer/profile/1498/3970/,"multiple results, guessed best match"
Stiegl Lager,74.0,Stiegl Brauerei,5.0,http://www.beeradvocate.com/search/?q=Stiegl+Lager&qt=beer,
Shark Tracker Light,73.0,Cisco Brewers,4.8,http://www.beeradvocate.com/search/?q=Shark+Tracker+Light&qt=beer,
Wicked Bueno,73.0,Banded Brewing,4.3,http://www.beeradvocate.com/search/?q=Wicked+Bueno&qt=beer,
Hoegaarden,71.0,Brouwerij Van Hoegarden,4.5,https://www.beeradvocate.com/beer/profile/83/36649/,"multiple results, guessed best match"
Cream Ale,71.0,Newburgh Brewery Company,5.1,https://www.beeradvocate.com/beer/profile/302/1376/,"multiple results, guessed best match"
Carlsberg Lager,65.0,Carlsberg Breweries,3.8,https://www.beeradvocate.com/beer/profile/8535/64973/,"multiple results, guessed best match"
Lemon Radler,,Stiegl Brauerei,3.1,https://www.beeradvocate.com/beer/profile/416/169360/,No score yet
Radler Raspberry,,Stiegl Brauerei,2.0,https://www.beeradvocate.com/beer/profile/887/286265/,No score yet
Pauwel Kwak,,Bosteels,?,https://www.beeradvocate.com/community/login/,"multiple results, guessed best match"
La Moneuse Noel,,Brasserie De Blaugies,?,none,couldn't find BeerAdvocate page
Achel Blonde,,Brouwerij Achelse,?,https://www.beeradvocate.com/community/login/,"multiple results, guessed best match"
Vanderghiste,,Brouwerij Bockor,?,https://www.beeradvocate.com/community/login/,"multiple results, guessed best match"
Boon Oude Gueze,,Brouwerij Boon,?,https://www.beeradvocate.com/community/login/,"multiple results, guessed best match"
La Trappe Dubbel,,Brouwerij De Koningshoeven,8.0,https://www.beeradvocate.com/beer/profile/184/352322/,No score yet
Westmalle Tripel,,Brouwerij Der Trappisten Westmalle,?,none,couldn't find BeerAdvocate page
Lindemans Cassis,,Brouwerij Lindemans,?,none,couldn't find BeerAdvocate page
Bzart Krieken Lambiek,,Brouwerij Oud Beersel,?,https://www.beeradvocate.com/community/login/,"multiple results, guessed best match"
Alexander '18,,Brouwerij Rodenbach,?,none,couldn't find BeerAdvocate page
Rodenbach Session Ale,,Brouwerij Rodenbach,?,https://www.beeradvocate.com/community/login/,"multiple results, guessed best match"
St Louis Gueuze Fond,,Brouwerij Van Honsebrouck,?,none,couldn't find BeerAdvocate page
Monk's Cafe Brune,,Brouwerij Van Steenberge,?,none,couldn't find BeerAdvocate page
Chimay Premiere,,Chimay Brewery,?,none,couldn't find BeerAdvocate page
Chimay Premiere Red,,Chimay Brewery,?,none,couldn't find BeerAdvocate page
Chimay Yellow,,Chimay Brewery,?,https://www.beeradvocate.com/community/login/,"multiple results, guessed best match"
Mcchouffe,,Chouffe,?,none,couldn't find BeerAdvocate page
Rio Reserva 2012,,De Struise Brouwers,?,https://www.beeradvocate.com/community/login/,"multiple results, guessed best match"
Armand & Gaston,,Drie Fonteinen,?,http://www.beeradvocate.com/search/?q=Armand+&+Gaston&qt=beer,
Barista Chocolate Quad- 330ml,,Kasteel,?,https://www.beeradvocate.com/community/login/,"multiple results, guessed best match"
Oude Gueze: Foeder 21,,Oud Beersel,?,https://www.beeradvocate.com/community/login/,"multiple results, guessed best match"
Biere De Foudre,,Brasserie Dunham,4.9,https://www.beeradvocate.com/beer/profile/13905/347745/,No score yet
Simplexite,,Brasserie Dunham,?,none,couldn't find BeerAdvocate page
Mango Tangerine Sour,,Collective Arts Brewing Company,6.0,https://www.beeradvocate.com/beer/profile/32763/472837/,No score yet
Ransack The Universe,,Collective Arts Brewing Company,?,https://www.beeradvocate.com/community/login/,"multiple results, guessed best match"
Ceci N'est Pas Gueuze,,Les Trois Mousquetaires,?,none,couldn't find BeerAdvocate page
Czechvar Lager,,Budejovicky Budvar,4.7,https://www.beeradvocate.com/beer/profile/304/460060/,No score yet
Young's Double Chocolate Stout,,Eagle Brewery,?,none,couldn't find BeerAdvocate page
Fuller's London Porter,,Fuller\'s Brewery,?,none,couldn't find BeerAdvocate page
Wexford Cream,,Greene King,?,none,couldn't find BeerAdvocate page
Thomas Hardy The Historical,,Meantime Brewing Company,?,https://www.beeradvocate.com/community/login/,"multiple results, guessed best match"
Sam Smith India Ale,,Samuel Smith Old Brewery,?,none,couldn't find BeerAdvocate page
Edelstoff Lager,,Augustiner Brau,?,https://www.beeradvocate.com/community/login/,"multiple results, guessed best match"
Tannenzapfle,,Badische Staatsbrauerie Rothaus,?,https://www.beeradvocate.com/community/login/,"multiple results, guessed best match"
Bitburger Pils,,Bitburger Brauerei,?,none,couldn't find BeerAdvocate page
Ayinger Bavarian Pils,,Brauerei Ayinger,?,https://www.beeradvocate.com/community/login/,"multiple results, guessed best match"
Schlenkerla Maerzn,,Brauerei Heller-trum,?,https://www.beeradvocate.com/community/login/,"multiple results, guessed best match"
Schlenkerla Oak Smoke,,Brauerei Heller-trum,?,https://www.beeradvocate.com/community/login/,"multiple results, guessed best match"
Schlenkerla Urbock,,Brauerei Heller-trum,?,none,couldn't find BeerAdvocate page
Schlenkerla Weizen,,Brauerei Heller-trum,?,none,couldn't find BeerAdvocate page
Organic Ur-pils,,Brauerei Pinkus Mueller,?,https://www.beeradvocate.com/community/login/,"multiple results, guessed best match"
Kristall Weissbier,,Brauerei Weihenstephan,5.0,https://www.beeradvocate.com/beer/profile/39742/296665/,No score yet
Fruchtig & Stark,,Brauhaus Riegele,?,none,couldn't find BeerAdvocate page
Fruh Kolsch,,Colner Hofbrau Bruh,6.5,https://www.beeradvocate.com/beer/profile/612/50692/,No score yet
Dab Original,,Dortmunder Actien Brauerei,?,none,couldn't find BeerAdvocate page
Curator Doppelbock,,Ettaler Klosterbrauerei,7.0,https://www.beeradvocate.com/beer/profile/2432/195684/,No score yet
Aventinus Tap 6,,G. Schneider & Sohn,8.2,https://www.beeradvocate.com/beer/profile/72/451809/,No score yet
Vollbier Hell,,Klosterbrauerei Andechs,5.0,https://www.beeradvocate.com/beer/profile/15368/50314/,No score yet
Weissbier Hell,,Klosterbrauerei Andechs,5.3,https://www.beeradvocate.com/beer/profile/5709/150695/,No score yet
Monchshof Schwarz,,Kulmbacher Brauerei,?,none,couldn't find BeerAdvocate page
1809 Berliner Weisse,,Professor Fritz Briem,?,https://www.beeradvocate.com/community/login/,"multiple results, guessed best match"
Aventinus,,Schneider & Sohn,8.2,https://www.beeradvocate.com/beer/profile/72/461481/,No score yet
Original (tap07),,Schneider & Sohn,?,https://www.beeradvocate.com/community/login/,"multiple results, guessed best match"
Grapefruit Hefeweizen-16oz Can,,Schofferhofer,?,https://www.beeradvocate.com/community/login/,"multiple results, guessed best match"
Spaten Premium Lager,,Spaten-brau,?,none,couldn't find BeerAdvocate page
Uerige Dat Leckere,,Uerige,?,https://www.beeradvocate.com/community/login/,"multiple results, guessed best match"
Julius Echter,,Wurzburger Hofbrau,4.9,https://www.beeradvocate.com/beer/profile/176/42119/,No score yet
Julius Echter Dunkel,,Wurzburger Hofbrau,?,none,couldn't find BeerAdvocate page
O'hara's Irish Red,,Carlow Brewing Company,?,none,couldn't find BeerAdvocate page
O'hara's Irish Stout,,Carlow Brewing Company,?,none,couldn't find BeerAdvocate page
Over The Moon,,Open Gate Brewery,?,https://www.beeradvocate.com/community/login/,"multiple results, guessed best match"
Guinness Pub,,St. James\' Gate Brewery,?,https://www.beeradvocate.com/community/login/,"multiple results, guessed best match"
Xyauyu Oro,,Birrifico Le Baladin,?,none,couldn't find BeerAdvocate page
Hitachino Commemorative -330ml,,Kiuchi Brewery,?,https://www.beeradvocate.com/community/login/,"multiple results, guessed best match"
Hitachino Sweet Stout,,Kiuchi Brewery,?,none,couldn't find BeerAdvocate page
A Dashing Rogue,,Haandbryggeriet,6.8,http://www.beeradvocate.com/search/?q=A+Dashing+Rogue&qt=beer,No score yet
Odin's Tipple,,Haandbryggeriet,?,none,couldn't find BeerAdvocate page
Gose Limn Kaffir,,Casa Bruja Brewing Company,?,none,couldn't find BeerAdvocate page
O.K. Full Pale,,Okocim Brewery,?,https://www.beeradvocate.com/community/login/,"multiple results, guessed best match"
1881 Porter Beer,,Zywiec Breweries,?,https://www.beeradvocate.com/community/login/,"multiple results, guessed best match"
Bitter & Twisted,,Harviestoun Brewery,?,none,couldn't find BeerAdvocate page
Blood Red Sky,,Innis & Gunn,2.5,https://www.beeradvocate.com/beer/profile/34618/187165/,No score yet
Innis & Gunn Original,,Innis & Gunn,?,none,couldn't find BeerAdvocate page
Innis & Gunn Rum Aged,,Innis & Gunn,?,http://www.beeradvocate.com/search/?q=Innis+&+Gunn+Rum+Aged&qt=beer,
Crabbie's Ginger Beer,,John Crabbie & Company,?,none,couldn't find BeerAdvocate page
Orange Ginger,,John Crabbies & Co,5.2,https://www.beeradvocate.com/beer/profile/860/97897/,No score yet
Mcewan's Scotch Ale,,Marston\'s Brewery,?,none,couldn't find BeerAdvocate page
Jacobite Ale,,Traquair House Brewery,?,none,couldn't find BeerAdvocate page
Estrella Damm Lager,,Estrella Damm,?,https://www.beeradvocate.com/community/login/,"multiple results, guessed best match"
Picnic Sunrise,,Brekeriet Beer Ab,2.7,http://www.beeradvocate.com/search/?q=Picnic+Sunrise&qt=beer,No score yet
Brut De Franches,,Brasserie Bfm,?,none,couldn't find BeerAdvocate page
Sculpin Ipa,,Ballast Point Brewing Company,?,https://www.beeradvocate.com/community/login/,"multiple results, guessed best match"
Factory 5 Lab: Mango Lassi,,Bear Republic Brewing Company,?,https://www.beeradvocate.com/community/login/,"multiple results, guessed best match"
Further Thru The Haze,,Bear Republic Brewing Company,?,https://www.beeradvocate.com/community/login/,"multiple results, guessed best match"
Broken Skull Ipa,,El Segundo Brewing Company,?,none,couldn't find BeerAdvocate page
Bwx/omg!,,Firestone Walker Brewing Company,?,none,couldn't find BeerAdvocate page
Parabola Stout,,Firestone Walker Brewing Company,?,https://www.beeradvocate.com/community/login/,"multiple results, guessed best match"
Laguintas Ipa,,Lagunitas Brewing Company,?,https://www.beeradvocate.com/community/login/,"multiple results, guessed best match"
Laguintas Pils,,Lagunitas Brewing Company,?,https://www.beeradvocate.com/community/login/,"multiple results, guessed best match"
Little Sumpin' Hazy,,Lagunitas Brewing Company,?,none,couldn't find BeerAdvocate page
Sumpin' Easy,,Lagunitas Brewing Company,?,none,couldn't find BeerAdvocate page
Milk The Mustache,,Long Beach Beer Lab,?,https://www.beeradvocate.com/community/login/,"multiple results, guessed best match"
Retreat Hazy Ipa,,Offshoot Beer Company,?,https://www.beeradvocate.com/community/login/,"multiple results, guessed best match"
Hazy Little Thing Ipa,,Sierra Nevada Brewing Company,?,none,couldn't find BeerAdvocate page
Sierra Estate,,Sierra Nevada Brewing Company,7.1,https://www.beeradvocate.com/beer/profile/140/257905/,No score yet
Torpedo,,Sierra Nevada Brewing Company,4.5,https://www.beeradvocate.com/beer/profile/27945/96610/,No score yet
Ten Commandments,,The Lost Abbey,?,none,couldn't find BeerAdvocate page
Ellie's Brown Ale,,Avery Brewing Company,?,none,couldn't find BeerAdvocate page
Bianca Peaches & Cream,,Crooked Stave Artisan Beer Project,6.8,http://www.beeradvocate.com/search/?q=Bianca+Peaches+&+Cream&qt=beer,No score yet
St. Bretta Saison,,Crooked Stave Artisan Beer Project,?,none,couldn't find BeerAdvocate page
Sunnyside Of Bruxelles,,Crooked Stave Artisan Beer Project,6.7,http://www.beeradvocate.com/search/?q=Sunnyside+Of+Bruxelles&qt=beer,No score yet
Surette Blueberry,,Crooked Stave Artisan Beer Project,?,none,couldn't find BeerAdvocate page
Peach Beerllini,,Left Hand Brewing Company,6.5,https://www.beeradvocate.com/beer/profile/29220/291680/,No score yet
Foeder Oscar No. 65,,New Belgium Brewing Company,?,https://www.beeradvocate.com/community/login/,"multiple results, guessed best match"
My Nirvana,,New Belgium Brewing Company,4.2,https://www.beeradvocate.com/beer/profile/2076/232926/,No score yet
Starship Ipa,,New Belgium Brewing Company,?,none,couldn't find BeerAdvocate page
Where I Live,,New Belgium Brewing Company,?,https://www.beeradvocate.com/community/login/,"multiple results, guessed best match"
Whiskey Ba Oskar,,New Belgium Brewing Company,?,https://www.beeradvocate.com/beer/profile/2681/56025/,No score yet
Dale's Pale Ale,,Oskar Blues Brewery,?,none,couldn't find BeerAdvocate page
Outer Range All Together,,Outer Range Brewing Company,?,none,couldn't find BeerAdvocate page
The Future Is Full Of Parties,,Outer Range Brewing Company,?,https://www.beeradvocate.com/community/login/,"multiple results, guessed best match"
This Day Anything Gose,,Trve Brewing Company,?,https://www.beeradvocate.com/community/login/,"multiple results, guessed best match"
Cookies & Cream Achromatic,,Weldwerks Brewing Company,?,none,couldn't find BeerAdvocate page
All My Best Friends Hop Heads,,Armada Brewing,?,none,couldn't find BeerAdvocate page
Immortal Prince,,Armada Brewing,10.0,http://www.beeradvocate.com/search/?q=Immortal+Prince&qt=beer,No score yet
Copper Scrolls,,Armada Brewing Company,?,https://www.beeradvocate.com/community/login/,"multiple results, guessed best match"
Connecticut Casual,,Beer\'d Brewing Company,5.1,http://www.beeradvocate.com/search/?q=Connecticut+Casual&qt=beer,No score yet
Frank & Berry,,Beer\'d Brewing Company,?,http://www.beeradvocate.com/search/?q=Frank+&+Berry&qt=beer,
Karate In The Water,,Beer\'d Brewing Company,?,https://www.beeradvocate.com/community/login/,"multiple results, guessed best match"
East Rock Lager,,East Rock Brewing Company,5.2,https://www.beeradvocate.com/beer/profile/52202/387488/,No score yet
East Rock Pilsner,,East Rock Brewing Company,?,none,couldn't find BeerAdvocate page
Power People,,Kent Falls Brewing Company,6.0,https://www.beeradvocate.com/beer/profile/44293/354618/,No score yet
Scarcely More Articulate,,Kent Falls Brewing Company,5.6,http://www.beeradvocate.com/search/?q=Scarcely+More+Articulate&qt=beer,No score yet
The Hollow,,Kent Falls Brewing Company,9.5,https://www.beeradvocate.com/beer/profile/33119/481438/,No score yet
Cloud Sourced,,Two Roads Brewing Company,6.5,http://www.beeradvocate.com/search/?q=Cloud+Sourced&qt=beer,No score yet
"Knuckles, Bats And H'made Tats",,Dogfish Head Craft Brewery,?,none,couldn't find BeerAdvocate page
The Perfect Disguise,,Dogfish Head Craft Brewery,?,https://www.beeradvocate.com/community/login/,"multiple results, guessed best match"
Pineapple Pop Ipa,,J Wakefield Brewing,?,none,couldn't find BeerAdvocate page
Reef Donkey Apa,,Tampa Bay Brewing Company,?,https://www.beeradvocate.com/community/login/,"multiple results, guessed best match"
Coffee Dino Smores,,Off Color Brewing Company,?,none,couldn't find BeerAdvocate page
Patio Cat,,Upland Brewing Company,?,https://www.beeradvocate.com/community/login/,"multiple results, guessed best match"
Petal To The Kettle,,Upland Brewing Company,?,https://www.beeradvocate.com/community/login/,"multiple results, guessed best match"
Kentucky Bourbon Ale,,Alltech\'s Lexington Brewing Company,5.0,https://www.beeradvocate.com/beer/profile/35633/337317/,No score yet
Vanilla Barrel Cream Ale -12oz,,Alltech\'s Lexington Brewing Company,?,https://www.beeradvocate.com/community/login/,"multiple results, guessed best match"
Abita Amber Lager,,Abita Brewing Company,?,https://www.beeradvocate.com/community/login/,"multiple results, guessed best match"
Fox Leap- 375ml,,Allagash Brewing Company,?,https://www.beeradvocate.com/community/login/,"multiple results, guessed best match"
Nowaday,,Allagash Brewing Company,5.5,https://www.beeradvocate.com/beer/profile/4/483240/,No score yet
Marquee Moon,,Austin Street Brewery,9.6,https://www.beeradvocate.com/beer/profile/45496/333465/,No score yet
Little Havana,,Banded Brewing,4.9,https://www.beeradvocate.com/beer/profile/36073/408670/,No score yet
Veridian Ipa,,Banded Brewing,?,https://www.beeradvocate.com/community/login/,"multiple results, guessed best match"
Flume Double Ipa,,Battery Steele Brewing,?,https://www.beeradvocate.com/community/login/,"multiple results, guessed best match"
Nitro Oatmeal Stout,,Bunker Brewing Co,5.5,https://www.beeradvocate.com/beer/profile/41566/304457/,No score yet
Fore River Kolsch,,Fore River Brewing Company,?,https://www.beeradvocate.com/community/login/,"multiple results, guessed best match"
Grawlix,,Foulmouthed Brewing,6.4,http://www.beeradvocate.com/search/?q=Grawlix&qt=beer,No score yet
Knightvillain,,Foulmouthed Brewing,?,https://www.beeradvocate.com/community/login/,"multiple results, guessed best match"
Raspberry's My Jam,,Foundation Brewing Company,?,none,couldn't find BeerAdvocate page
Oh-j Double Ipa,,Lone Pine Brewing Company,?,https://www.beeradvocate.com/community/login/,"multiple results, guessed best match"
Lunch Ipa,,Maine Beer Company,?,none,couldn't find BeerAdvocate page
Peeper Ale,,Maine Beer Company,?,none,couldn't find BeerAdvocate page
A Beer Named Duck,,Mast Landing Brewing Company,?,https://www.beeradvocate.com/community/login/,"multiple results, guessed best match"
All The Way Up,,Mast Landing Brewing Company,?,none,couldn't find BeerAdvocate page
Gunner's Daughter,,Mast Landing Brewing Company,?,none,couldn't find BeerAdvocate page
Cherry Cletus,,Oxbow Brewing Company,8.0,http://www.beeradvocate.com/search/?q=Cherry+Cletus&qt=beer,No score yet
Magenta,,Oxbow Brewing Company,7.5,https://www.beeradvocate.com/beer/profile/26439/366544/,No score yet
Principesca,,Oxbow Brewing Company,6.5,http://www.beeradvocate.com/search/?q=Principesca&qt=beer,No score yet
Sea Worthy- 16oz Can,,Oxbow Brewing Company,?,https://www.beeradvocate.com/community/login/,"multiple results, guessed best match"
Sweet Tarts Raspberry,,Peak Organic Brewing Company,?,https://www.beeradvocate.com/community/login/,"multiple results, guessed best match"
All Together,,Rising Tide Brewing Company,6.5,https://www.beeradvocate.com/beer/profile/26817/477963/,No score yet
Corts & His Men,,Aslin Brewing Company,?,none,couldn't find BeerAdvocate page
Shear Hoppiness,,\'1\' North Ale Company,6.4,http://www.beeradvocate.com/search/?q=Shear+Hoppiness&qt=beer,No score yet
Ice Bucket Pale,,1 North Ale Company,?,https://www.beeradvocate.com/community/login/,"multiple results, guessed best match"
Lola's Saison,,Abandoned Building Brewery,?,none,couldn't find BeerAdvocate page
Pan Galactic,,Abandoned Building Brewery,6.0,https://www.beeradvocate.com/beer/profile/34328/322261/,No score yet
A Year With Dr Nandu -16oz Can,,Aeronaut Brewing Company,?,https://www.beeradvocate.com/community/login/,"multiple results, guessed best match"
Cirrocumulus,,Aeronaut Brewing Company,9.7,http://www.beeradvocate.com/search/?q=Cirrocumulus&qt=beer,No score yet
Hop Hop & Away,,Aeronaut Brewing Company,?,none,couldn't find BeerAdvocate page
Sister Alva,,Aeronaut Brewing Company,6.0,http://www.beeradvocate.com/search/?q=Sister+Alva&qt=beer,No score yet
Bevvy Brown Ale,,Barewolf Brewing Company,?,https://www.beeradvocate.com/community/login/,"multiple results, guessed best match"
Gold Soundz,,Barewolf Brewing Company,6.9,https://www.beeradvocate.com/beer/profile/46207/241630/,No score yet
Smoke Wheat Everyday,,Barewolf Brewing Company,4.3,https://www.beeradvocate.com/beer/profile/35363/135180/,No score yet
That's That,,Barewolf Brewing Company,?,none,couldn't find BeerAdvocate page
Berkley Coffee Porter,,Berkley Beer Company,?,none,couldn't find BeerAdvocate page
Berkley Pale Ale,,Berkley Beer Company,?,https://www.beeradvocate.com/community/login/,"multiple results, guessed best match"
Busker Pils,,Berkshire Brewing Company,?,none,couldn't find BeerAdvocate page
Shabadoo Black & Tan,,Berkshire Brewing Company,?,http://www.beeradvocate.com/search/?q=Shabadoo+Black+&+Tan&qt=beer,
Slue's Maibock,,Berkshire Brewing Company,?,none,couldn't find BeerAdvocate page
El Pulpo,,Bone Up Brewing Company,8.0,https://www.beeradvocate.com/beer/profile/43128/209688/,No score yet
Everything Is Peachy,,Bone Up Brewing Company,5.4,https://www.beeradvocate.com/beer/profile/57948/450334/,No score yet
Henrietta Hibiscus Farmhouse,,Bone Up Brewing Company,?,https://www.beeradvocate.com/community/login/,"multiple results, guessed best match"
Wasted Life Ipa,,Bone Up Brewing Company,?,https://www.beeradvocate.com/community/login/,"multiple results, guessed best match"
Fenway Faithful Ipa,,Boston Beer Company,4.7,https://www.beeradvocate.com/beer/profile/35/479553/,No score yet
Sam '76,,Boston Beer Company,?,none,couldn't find BeerAdvocate page
Flower Child Ipa,,Cambridge Brewing Company,?,none,couldn't find BeerAdvocate page
B-boy Stance,,Canned Heat Craft Beer Company,?,https://www.beeradvocate.com/community/login/,"multiple results, guessed best match"
What Up Homeboy,,Canned Heat Craft Beer Company,?,https://www.beeradvocate.com/community/login/,"multiple results, guessed best match"
Whale's Tale,,Cisco Brewers,?,none,couldn't find BeerAdvocate page
Lil' Crispy,,Clown Shoes Beer,?,none,couldn't find BeerAdvocate page
Mango Merican Kolsch -12oz Can,,Clown Shoes Beer,?,https://www.beeradvocate.com/community/login/,"multiple results, guessed best match"
Juice Freak,,Cold Harbor Brewing Company,6.1,https://www.beeradvocate.com/beer/profile/42189/415027/,No score yet
Handline Kolsch,,Devil\'s Purse Brewing Company,?,https://www.beeradvocate.com/community/login/,"multiple results, guessed best match"
Shore Laddie,,Devil\'s Purse Brewing Company,?,https://www.beeradvocate.com/community/login/,"multiple results, guessed best match"
Leitmotif: All The Barry's,,Exhibit \'a\' Brewing Company,?,none,couldn't find BeerAdvocate page
To-go Cup,,Exhibit \'a\' Brewing Company,?,https://www.beeradvocate.com/community/login/,"multiple results, guessed best match"
Atlantis Will Prevail,,Fab,?,https://www.beeradvocate.com/community/login/,"multiple results, guessed best match"
Citra Squid,,Fab,7.5,http://www.beeradvocate.com/search/?q=Citra+Squid&qt=beer,No score yet
Fab 100,,Fab,?,https://www.beeradvocate.com/community/login/,"multiple results, guessed best match"
Pilsner 4 Peace,,Fab,5.0,https://www.beeradvocate.com/beer/profile/45045/471456/,No score yet
Farmer's Fresh,,Fort Hill Brewery,?,none,couldn't find BeerAdvocate page
Speed Wolf,,Four Phantoms Brewing Company,7.0,http://www.beeradvocate.com/search/?q=Speed+Wolf&qt=beer,No score yet
Thaw,,Four Phatoms Brewing Company,7.5,https://www.beeradvocate.com/beer/profile/32722/275190/,No score yet
Dragonweisse,,Harpoon Brewery,?,none,couldn't find BeerAdvocate page
Ufo Georgia Peach,,Harpoon Brewery,?,none,couldn't find BeerAdvocate page
Ufo White,,Harpoon Brewery,?,none,couldn't find BeerAdvocate page
Bluma,,Idle Hands Craft Ales,6.5,http://www.beeradvocate.com/search/?q=Bluma&qt=beer,No score yet
Edgeworth,,Idle Hands Craft Ales,4.8,http://www.beeradvocate.com/search/?q=Edgeworth&qt=beer,No score yet
Essential Premium Lager,,Idle Hands Craft Ales,?,https://www.beeradvocate.com/community/login/,"multiple results, guessed best match"
Kill Your Idles: Tiki,,Idle Hands Craft Ales,5.6,http://www.beeradvocate.com/search/?q=Kill+Your+Idles:+Tiki&qt=beer,No score yet
Kill Your Idols Spring Flowers,,Idle Hands Craft Ales,?,https://www.beeradvocate.com/community/login/,"multiple results, guessed best match"
Time Enough At Last,,Idle Hands Craft Ales,?,https://www.beeradvocate.com/community/login/,"multiple results, guessed best match"
Zeroth,,Idle Hands Craft Ales,5.2,https://www.beeradvocate.com/beer/profile/24802/415090/,No score yet
Post Shift Lager,,Jack\'s Abby Craft Lagers,?,https://www.beeradvocate.com/community/login/,"multiple results, guessed best match"
Smoke & Dagger,,Jack\'s Abby Craft Lagers,?,http://www.beeradvocate.com/search/?q=Smoke+&+Dagger&qt=beer,
Blame It On My Juice: Cranberr,,Lamplighter Brewing Company,?,https://www.beeradvocate.com/community/login/,"multiple results, guessed best match"
From Copenhagen With Love,,Lamplighter Brewing Company,?,https://www.beeradvocate.com/community/login/,"multiple results, guessed best match"
617 Title Town,,Lord Hobo Brewing Company,?,https://www.beeradvocate.com/community/login/,"multiple results, guessed best match"
Boom Sauce,,Lord Hobo Brewing Company,?,https://www.beeradvocate.com/community/login/,"multiple results, guessed best match"
Freddie Gose,,Lord Hobo Brewing Company,?,https://www.beeradvocate.com/community/login/,"multiple results, guessed best match"
400 Double Ipa,,Mayflower Brewing Company,?,none,couldn't find BeerAdvocate page
Love & Wrestling,,Mayflower Brewing Company,?,none,couldn't find BeerAdvocate page
Ottobahn,,Mayflower Brewing Company,?,none,couldn't find BeerAdvocate page
"Resistence: P' Fruit, Mango",,Mayflower Brewing Company,?,none,couldn't find BeerAdvocate page
Guavaland,,Mighty Squirrel Brewing Co,8.0,http://www.beeradvocate.com/search/?q=Guavaland&qt=beer,No score yet
Mango Lassi,,Mighty Squirrel Brewing Company,7.0,https://www.beeradvocate.com/beer/profile/41562/377468/,No score yet
Cordial Weisse,,Night Shift Brewing Company,6.6,http://www.beeradvocate.com/search/?q=Cordial+Weisse&qt=beer,No score yet
Fluffinity,,Night Shift Brewing Company,7.0,http://www.beeradvocate.com/search/?q=Fluffinity&qt=beer,No score yet
Lager Lounge,,Night Shift Brewing Company,4.8,https://www.beeradvocate.com/beer/profile/37139/483747/,No score yet
Nite Heavy,,Night Shift Brewing Company,5.0,http://www.beeradvocate.com/search/?q=Nite+Heavy&qt=beer,No score yet
Pomegranite State,,Night Shift Brewing Company,6.4,http://www.beeradvocate.com/search/?q=Pomegranite+State&qt=beer,No score yet
Ransom Note,,Night Shift Brewing Company,10.2,https://www.beeradvocate.com/beer/profile/39308/282940/,No score yet
Sombra,,Night Shift Brewing Company,6.5,https://www.beeradvocate.com/beer/profile/30581/402627/,No score yet
Left Of The Dial Ipa,,Notch Brewing Company,?,https://www.beeradvocate.com/community/login/,"multiple results, guessed best match"
Notch Session Pils,,Notch Brewing Company,?,none,couldn't find BeerAdvocate page
Zwickle Beer,,Notch Brewing Company,?,https://www.beeradvocate.com/community/login/,"multiple results, guessed best match"
Melon Mania,,Opa Opa Brewing Company,?,https://www.beeradvocate.com/community/login/,"multiple results, guessed best match"
Somewhere Over There,,Shire Breu-hous,?,https://www.beeradvocate.com/community/login/,"multiple results, guessed best match"
Twine Cutter,,Shovel Town Brewery,6.2,http://www.beeradvocate.com/search/?q=Twine+Cutter&qt=beer,No score yet
The Future Is Unwritten,,Small Change Beer Company,?,https://www.beeradvocate.com/community/login/,"multiple results, guessed best match"
Whatever's Cool With Me,,Small Change Beer Company,?,none,couldn't find BeerAdvocate page
Back Pocket Beer,,Springdale Beer Company,?,https://www.beeradvocate.com/community/login/,"multiple results, guessed best match"
Airwaves,,Stellwagen Beer Company,7.1,https://www.beeradvocate.com/beer/profile/68/236301/,No score yet
Cymbals Pale Ale,,Stellwagen Beer Company,?,https://www.beeradvocate.com/community/login/,"multiple results, guessed best match"
Distant Wind,,Stellwagen Beer Company,5.6,http://www.beeradvocate.com/search/?q=Distant+Wind&qt=beer,No score yet
Mre mlt,,Stellwagen Beer Company,?,none,couldn't find BeerAdvocate page
Not Sorry,,Stellwagen Beer Company,6.9,https://www.beeradvocate.com/beer/profile/53837/462115/,No score yet
Whale Watcher,,Stellwagen Beer Company,4.5,https://www.beeradvocate.com/beer/profile/53837/394523/,No score yet
The People's Pilsner,,The People\'s Pint,?,none,couldn't find BeerAdvocate page
Fruit Series: Peach Saison,,The Spencer Brewery,?,https://www.beeradvocate.com/community/login/,"multiple results, guessed best match"
Monks' Reserve Ale,,The Spencer Brewery,?,none,couldn't find BeerAdvocate page
Bell's Porter,,Bell\'s Brewery,?,none,couldn't find BeerAdvocate page
Lager Of The Lakes,,Bell\'s Brewery,?,https://www.beeradvocate.com/community/login/,"multiple results, guessed best match"
Official,,Bell\'s Brewery,4.8,https://www.beeradvocate.com/beer/profile/42543/192510/,No score yet
Ms Agave,,Founders Brewing Company,?,none,couldn't find BeerAdvocate page
Mas Agave Grapefruit,,Founders Brewing Company,?,none,couldn't find BeerAdvocate page
Unraveled Ipa,,Founders Brewing Company,?,none,couldn't find BeerAdvocate page
Co-operation Ale,,Jolly Pumpkin Artisan Ales,?,https://www.beeradvocate.com/community/login/,"multiple results, guessed best match"
Dragon's Milk,,New Holland Brewing Company,?,none,couldn't find BeerAdvocate page
Rvp Vanilla Porter,,Great North Aleworks,?,https://www.beeradvocate.com/community/login/,"multiple results, guessed best match"
Brown Owl,,Northwoods Brewing Company,5.6,https://www.beeradvocate.com/beer/profile/54955/462461/,No score yet
Fork Knife,,Northwoods Brewing Company,4.2,https://www.beeradvocate.com/beer/profile/54955/474513/,No score yet
Mac & Margie,,Northwoods Brewing Company,?,none,couldn't find BeerAdvocate page
Tall Tall Trees: Volumne 4,,Northwoods Brewing Company,?,https://www.beeradvocate.com/community/login/,"multiple results, guessed best match"
Adem,,Schilling Beer Company,?,https://www.beeradvocate.com/community/login/,"multiple results, guessed best match"
Alexandr '10,,Schilling Beer Company,?,none,couldn't find BeerAdvocate page
Dorst,,Schilling Beer Company,4.8,https://www.beeradvocate.com/beer/profile/32906/388851/,No score yet
Eratus,,Schilling Beer Company,?,https://www.beeradvocate.com/community/login/,"multiple results, guessed best match"
Paulus,,Schilling Beer Company,4.7,https://www.beeradvocate.com/beer/profile/32906/142860/,No score yet
Poppy's Moonship: Blackberries,,Schilling Beer Company,?,none,couldn't find BeerAdvocate page
Resilience: Geppetto,,Schilling Beer Company,?,none,couldn't find BeerAdvocate page
Ziegenmensch,,Schilling Beer Company,6.5,http://www.beeradvocate.com/search/?q=Ziegenmensch&qt=beer,No score yet
Blueberry Thrill Sour,,Smuttynose Brewing Company,?,https://www.beeradvocate.com/community/login/,"multiple results, guessed best match"
Vunderbar Pilsner,,Smuttynose Brewing Company,?,https://www.beeradvocate.com/community/login/,"multiple results, guessed best match"
B.D.G. Table Ale,,Carton Brewing Company,?,https://www.beeradvocate.com/community/login/,"multiple results, guessed best match"
The Hook,,Carton Brewing Company,?,https://www.beeradvocate.com/community/login/,"multiple results, guessed best match"
Power Moves,,Magnify Brewing Company,5.5,https://www.beeradvocate.com/beer/profile/42560/337395/,No score yet
Apripeche,,Brewery Ommegang,6.3,https://www.beeradvocate.com/beer/profile/42/478389/,No score yet
Ommegang Witte,,Brewery Ommegang,?,none,couldn't find BeerAdvocate page
Brooklyn Pilsner,,Brooklyn Brewery,4.0,https://www.beeradvocate.com/beer/profile/45/40162/,No score yet
Crispy Morning,,Finback Brewery,5.2,http://www.beeradvocate.com/search/?q=Crispy+Morning&qt=beer,No score yet
Orange Cream Crush,,Finback Brewery,8.0,http://www.beeradvocate.com/search/?q=Orange+Cream+Crush&qt=beer,No score yet
Shiny Feature,,Finback Brewery,7.5,http://www.beeradvocate.com/search/?q=Shiny+Feature&qt=beer,No score yet
18-watt,,Singlecut Beersmiths,?,https://www.beeradvocate.com/community/login/,"multiple results, guessed best match"
Charlie's Good Tonight,,Singlecut Beersmiths,?,none,couldn't find BeerAdvocate page
Kim,,Singlecut Beersmiths,8.7,https://www.beeradvocate.com/beer/profile/28091/162012/,No score yet
Tdh Shoegazer,,Singlecut Beersmiths,?,https://www.beeradvocate.com/community/login/,"multiple results, guessed best match"
Weird & Gilly,,Singlecut Beersmiths,?,http://www.beeradvocate.com/search/?q=Weird+&+Gilly&qt=beer,
Working Man's Cut,,Singlecut Beersmiths,?,none,couldn't find BeerAdvocate page
Super Baja Jammer,,Sixpoint Brewery,8.0,http://www.beeradvocate.com/search/?q=Super+Baja+Jammer&qt=beer,No score yet
Black Ops,,The Brooklyn Brewery,7.5,https://www.beeradvocate.com/beer/profile/282/66171/,No score yet
Brooklyn Brown,,The Brooklyn Brewery,6.0,https://www.beeradvocate.com/beer/profile/45/72272/,No score yet
Brooklyn Lager,,The Brooklyn Brewery,3.5,https://www.beeradvocate.com/beer/profile/45/409197/,No score yet
Rose De Ville,,The Brooklyn Brewery,?,none,couldn't find BeerAdvocate page
The Stonewall Inn Ipa,,The Brooklyn Brewery,?,https://www.beeradvocate.com/community/login/,"multiple results, guessed best match"
Total Request,,The Brooklyn Brewery,7.5,http://www.beeradvocate.com/search/?q=Total+Request&qt=beer,No score yet
Arbiter Of Fun,,Three Brewing,4.9,https://www.beeradvocate.com/beer/profile/37460/295941/,No score yet
Bba El Paraiso,,Wicked Weed Brewing Company,?,https://www.beeradvocate.com/community/login/,"multiple results, guessed best match"
Garcon De Ferme,,Wicked Weed Brewing Company,?,none,couldn't find BeerAdvocate page
The Gadget,,Urban Artifact Brewing,?,https://www.beeradvocate.com/community/login/,"multiple results, guessed best match"
Ageless Fire,,Trve Brewing Company,5.7,http://www.beeradvocate.com/search/?q=Ageless+Fire&qt=beer,No score yet
Chocolate Stout Nitro,,Rogue Ales,5.8,https://www.beeradvocate.com/beer/profile/132/469224/,No score yet
Hanging Gardens,,Brewgentlemen,6.8,https://www.beeradvocate.com/beer/profile/44253/346940/,No score yet
Queen Of The Yellow Dolls,,Strange Roots Experimental Ales,?,https://www.beeradvocate.com/community/login/,"multiple results, guessed best match"
Dreamweaver,,Troegs Brewing Company,9.5,https://www.beeradvocate.com/beer/profile/32810/111531/,No score yet
Wisdom's Hour,,Victory Brewing Company,?,none,couldn't find BeerAdvocate page
Del's Shandy,,Narragansett,?,none,couldn't find BeerAdvocate page
Derivative | Waimea,,Proclamation Ale Company,?,https://www.beeradvocate.com/community/login/,"multiple results, guessed best match"
Tendril Ipa,,Proclamation Ale Company,?,none,couldn't find BeerAdvocate page
Rise Apa,,Whalers Brewing Company,6.0,https://www.beeradvocate.com/beer/profile/47527/312170/,No score yet
Yacht Party,,Charles Towne Fermentory,4.2,https://www.beeradvocate.com/beer/profile/46757/398640/,No score yet
Directions To See A Ghost,,Burlington Beer Company,6.8,https://www.beeradvocate.com/beer/profile/55604/403852/,No score yet
Incantations (2020),,Burlington Beer Company,?,https://www.beeradvocate.com/community/login/,"multiple results, guessed best match"
Mahogany & Tweed,,Burlington Beer Company,?,none,couldn't find BeerAdvocate page
Reflected Symmetry,,Burlington Beer Company,?,none,couldn't find BeerAdvocate page
Seances & Sacrifices,,Burlington Beer Company,12.5,http://www.beeradvocate.com/search/?q=Seances+&+Sacrifices&qt=beer,No score yet
Party Jam Blueberry,,Hermit Thrush Brewery,?,https://www.beeradvocate.com/community/login/,"multiple results, guessed best match"
Party Jam Passion Fruit,,Hermit Thrush Brewery,5.9,http://www.beeradvocate.com/search/?q=Party+Jam+Passion+Fruit&qt=beer,No score yet
Party Jam Peach,,Hermit Thrush Brewery,5.9,http://www.beeradvocate.com/search/?q=Party+Jam+Peach&qt=beer,No score yet
Party Jam Plum,,Hermit Thrush Brewery,5.9,http://www.beeradvocate.com/search/?q=Party+Jam+Plum&qt=beer,No score yet
Party Jam Strawberry,,Hermit Thrush Brewery,5.9,https://www.beeradvocate.com/beer/profile/37303/459618/,No score yet
Lawson's Super Session Series,,Lawson\'s Finest Liquids,?,none,couldn't find BeerAdvocate page
Lost Nation Mosaic- 16oz Can,,Lost Nation Brewing Company,?,https://www.beeradvocate.com/community/login/,"multiple results, guessed best match"
Rutland Red,,Rutland Beerworks,5.0,https://www.beeradvocate.com/beer/profile/52065/424950/,No score yet
Vertigo Double Ipa,,Rutland Beerworks,?,https://www.beeradvocate.com/community/login/,"multiple results, guessed best match"
Karsten Lager,,Switchback Brewing Company,?,none,couldn't find BeerAdvocate page
Bobolink,,Zero Gravity Craft Brewery,3.5,https://www.beeradvocate.com/beer/profile/28820/440747/,No score yet
Cone Head,,Zero Gravity Craft Brewery,8.5,https://www.beeradvocate.com/beer/profile/45235/483078/,No score yet
Funkytown,,Zero Gravity Craft Brewery,5.9,https://www.beeradvocate.com/beer/profile/9784/328516/,No score yet
The Breeze,,Halyard Brewing Company,?,https://www.beeradvocate.com/community/login/,"multiple results, guessed best match"
True Ginger Beer,,Halyard Brewing Company,?,none,couldn't find BeerAdvocate page
Volcanic Juice,,Halyard Brewing Company,?,https://www.beeradvocate.com/community/login/,"multiple results, guessed best match"
Les Chalmeurs,,E9 Brewing Company,6.3,http://www.beeradvocate.com/search/?q=Les+Chalmeurs&qt=beer,No score yet
Cliffbreaks Blend 19,,Snowdrift Cider Company,?,https://www.beeradvocate.com/community/login/,"multiple results, guessed best match"
In The Icebox,,Three Magnets Brewing Company,?,https://www.beeradvocate.com/community/login/,"multiple results, guessed best match"
Mudpuppy Porter,,Central Waters Brewing Company,?,https://www.beeradvocate.com/community/login/,"multiple results, guessed best match"
